DECADE,NHGISNAM,NHGISST,NHGISCTY,ICPSRST,ICPSRCTY,ICPSRNAM,STATENAM,ICPSRSTI,ICPSRCTYI,ICPSRFIP,STATE,COUNTY,PID,X_CENTROID,Y_CENTROID,GISJOIN,GISJOIN2,SHAPE_AREA,SHAPE_LEN,LEFT_FID,RIGHT_FID,Shape_Leng,border,layer,path
"1820",Harford,"240","0250","52","230",HARFORD,Maryland,"52","230",0.00000,"240","0250",331.00000000,1663716.54012456,404036.20312955,G2400250,"2400250",1156992510.66000008583,274945.12500399997,"-1","24",4047871.85710000014,border,Joined layer 1820,"MultiPolygon?crs=ESRI:102003&field=DECADE:string(4,0)&field=NHGISNAM:string(50,0)&field=NHGISST:string(3,0)&field=NHGISCTY:string(4,0)&field=ICPSRST:string(3,0)&field=ICPSRCTY:string(4,0)&field=ICPSRNAM:string(35,0)&field=STATENAM:string(25,0)&field=ICPS"
"1820",New Castle,"100","0030","11","30",NEW CASTLE,Delaware,"11","30",0.00000,"100","0030",44.00000000,1719230.04100410,416854.77953903,G1000030,"1000030",1144705776.60999989510,278856.92445400002,"-1","24",4047871.85710000014,border,Joined layer 1820,"MultiPolygon?crs=ESRI:102003&field=DECADE:string(4,0)&field=NHGISNAM:string(50,0)&field=NHGISST:string(3,0)&field=NHGISCTY:string(4,0)&field=ICPSRST:string(3,0)&field=ICPSRCTY:string(4,0)&field=ICPSRNAM:string(35,0)&field=STATENAM:string(25,0)&field=ICPS"
"1820",Delaware,"420","0450","14","450",DELAWARE,Pennsylvania,"14","450",0.00000,"420","0450",498.00000000,1731452.57617897,459469.00571764,G4200450,"4200450",480148235.14399999380,132478.86505900000,"-1","24",4047871.85710000014,border,Joined layer 1820,"MultiPolygon?crs=ESRI:102003&field=DECADE:string(4,0)&field=NHGISNAM:string(50,0)&field=NHGISST:string(3,0)&field=NHGISCTY:string(4,0)&field=ICPSRST:string(3,0)&field=ICPSRCTY:string(4,0)&field=ICPSRNAM:string(35,0)&field=STATENAM:string(25,0)&field=ICPS"
"1820",Randolph,"170","1570","21","1570",RANDOLPH,Illinois,"21","1570",0.00000,"170","1570",201.00000000,552882.74978221,81929.17846907,G1701570,"1701570",2682412077.51999998093,267899.45021899999,"-1","24",4047871.85710000014,border,Joined layer 1820,"MultiPolygon?crs=ESRI:102003&field=DECADE:string(4,0)&field=NHGISNAM:string(50,0)&field=NHGISST:string(3,0)&field=NHGISCTY:string(4,0)&field=ICPSRST:string(3,0)&field=ICPSRCTY:string(4,0)&field=ICPSRNAM:string(35,0)&field=STATENAM:string(25,0)&field=ICPS"
"1820",Lawrence,"390","0870","24","870",LAWRENCE,Ohio,"24","870",0.00000,"390","0870",459.00000000,1157686.60942161,205340.71487574,G3900870,"3900870",1189989820.52999997139,175076.65661199999,"-1","24",4047871.85710000014,border,Joined layer 1820,"MultiPolygon?crs=ESRI:102003&field=DECADE:string(4,0)&field=NHGISNAM:string(50,0)&field=NHGISST:string(3,0)&field=NHGISCTY:string(4,0)&field=ICPSRST:string(3,0)&field=ICPSRCTY:string(4,0)&field=ICPSRNAM:string(35,0)&field=STATENAM:string(25,0)&field=ICPS"
"1820",Washington,"390","1670","24","1670",WASHINGTON,Ohio,"24","1670",0.00000,"390","1670",481.00000000,1232199.12998695,314740.88922862,G3901670,"3901670",1852279465.84000015259,245888.85580700001,"-1","24",4047871.85710000014,border,Joined layer 1820,"MultiPolygon?crs=ESRI:102003&field=DECADE:string(4,0)&field=NHGISNAM:string(50,0)&field=NHGISST:string(3,0)&field=NHGISCTY:string(4,0)&field=ICPSRST:string(3,0)&field=ICPSRCTY:string(4,0)&field=ICPSRNAM:string(35,0)&field=STATENAM:string(25,0)&field=ICPS"
"1820",Cabell,"510","0293","40","295",CABELL,Virginia,"40","295",0.00000,"510","0293",554.00000000,1197851.50434868,148803.75626215,G5100293,"5100293",5433877718.18000030518,415817.44877000002,"-1","24",4047871.85710000014,border,Joined layer 1820,"MultiPolygon?crs=ESRI:102003&field=DECADE:string(4,0)&field=NHGISNAM:string(50,0)&field=NHGISST:string(3,0)&field=NHGISCTY:string(4,0)&field=ICPSRST:string(3,0)&field=ICPSRCTY:string(4,0)&field=ICPSRNAM:string(35,0)&field=STATENAM:string(25,0)&field=ICPS"
"1820",Ohio,"510","1355","40","1355",OHIO,Virginia,"40","1355",0.00000,"510","1355",275.00000000,1294564.73804725,376176.94175792,G5101355,"5101355",1090487037.01999998093,157470.76918800001,"-1","24",4047871.85710000014,border,Joined layer 1820,"MultiPolygon?crs=ESRI:102003&field=DECADE:string(4,0)&field=NHGISNAM:string(50,0)&field=NHGISST:string(3,0)&field=NHGISCTY:string(4,0)&field=ICPSRST:string(3,0)&field=ICPSRCTY:string(4,0)&field=ICPSRNAM:string(35,0)&field=STATENAM:string(25,0)&field=ICPS"
"1820",Monroe,"170","1330","21","1330",MONROE,Illinois,"21","1330",0.00000,"170","1330",199.00000000,502114.11068564,101438.80753925,G1701330,"1701330",857687749.04299998283,116649.02296800000,"-1","24",4047871.85710000014,border,Joined layer 1820,"MultiPolygon?crs=ESRI:102003&field=DECADE:string(4,0)&field=NHGISNAM:string(50,0)&field=NHGISST:string(3,0)&field=NHGISCTY:string(4,0)&field=ICPSRST:string(3,0)&field=ICPSRCTY:string(4,0)&field=ICPSRNAM:string(35,0)&field=STATENAM:string(25,0)&field=ICPS"
"1820",Mason,"510","1137","40","1148",MASON,Virginia,"40","1148",0.00000,"510","1137",261.00000000,1210792.13998224,231456.62897588,G5101137,"5101137",2375985229.28999996185,245887.96707399999,"-1","24",4047871.85710000014,border,Joined layer 1820,"MultiPolygon?crs=ESRI:102003&field=DECADE:string(4,0)&field=NHGISNAM:string(50,0)&field=NHGISST:string(3,0)&field=NHGISCTY:string(4,0)&field=ICPSRST:string(3,0)&field=ICPSRCTY:string(4,0)&field=ICPSRNAM:string(35,0)&field=STATENAM:string(25,0)&field=ICPS"
"1820",Dearborn,"180","0290","22","290",DEARBORN,Indiana,"22","290",0.00000,"180","0290",209.00000000,942815.41461276,234315.38864032,G1800290,"1800290",1021801168.84999990463,142413.11474799999,"-1","24",4047871.85710000014,border,Joined layer 1820,"MultiPolygon?crs=ESRI:102003&field=DECADE:string(4,0)&field=NHGISNAM:string(50,0)&field=NHGISST:string(3,0)&field=NHGISCTY:string(4,0)&field=ICPSRST:string(3,0)&field=ICPSRCTY:string(4,0)&field=ICPSRNAM:string(35,0)&field=STATENAM:string(25,0)&field=ICPS"
"1820",Lincoln,"295","0115",,,,Missouri Territory,"34","1130",0.00000,"295","0115",673.00000000,432977.26752339,185590.46567409,G2950115,"2950115",1596747590.34999990463,185525.95449500001,"-1","24",4047871.85710000014,border,Joined layer 1820,"MultiPolygon?crs=ESRI:102003&field=DECADE:string(4,0)&field=NHGISNAM:string(50,0)&field=NHGISST:string(3,0)&field=NHGISCTY:string(4,0)&field=ICPSRST:string(3,0)&field=ICPSRCTY:string(4,0)&field=ICPSRNAM:string(35,0)&field=STATENAM:string(25,0)&field=ICPS"
"1820",Switzerland,"180","1550","22","1550",SWITZERLAND,Indiana,"22","1550",0.00000,"180","1550",231.00000000,939755.08398346,204135.40161678,G1801550,"1801550",630375154.45000004768,134960.01691599999,"-1","24",4047871.85710000014,border,Joined layer 1820,"MultiPolygon?crs=ESRI:102003&field=DECADE:string(4,0)&field=NHGISNAM:string(50,0)&field=NHGISST:string(3,0)&field=NHGISCTY:string(4,0)&field=ICPSRST:string(3,0)&field=ICPSRCTY:string(4,0)&field=ICPSRNAM:string(35,0)&field=STATENAM:string(25,0)&field=ICPS"
"1820",Hardin,"210","0930","51","930",HARDIN,Kentucky,"51","930",0.00000,"210","0930",91.00000000,876475.22894381,70683.93874830,G2100930,"2100930",2921687387.57999992371,414291.23549200001,"-1","24",4047871.85710000014,border,Joined layer 1820,"MultiPolygon?crs=ESRI:102003&field=DECADE:string(4,0)&field=NHGISNAM:string(50,0)&field=NHGISST:string(3,0)&field=NHGISCTY:string(4,0)&field=ICPSRST:string(3,0)&field=ICPSRCTY:string(4,0)&field=ICPSRNAM:string(35,0)&field=STATENAM:string(25,0)&field=ICPS"
"1820",Livingston,"210","1390","51","1390",LIVINGSTON,Kentucky,"51","1390",0.00000,"210","1390",101.00000000,644252.42148621,-28801.94149279,G2101390,"2101390",5149047763.60999965668,577311.79281200003,"-1","24",4047871.85710000014,border,Joined layer 1820,"MultiPolygon?crs=ESRI:102003&field=DECADE:string(4,0)&field=NHGISNAM:string(50,0)&field=NHGISST:string(3,0)&field=NHGISCTY:string(4,0)&field=ICPSRST:string(3,0)&field=ICPSRCTY:string(4,0)&field=ICPSRNAM:string(35,0)&field=STATENAM:string(25,0)&field=ICPS"
"1820",Gallia,"390","0530","24","530",GALLIA,Ohio,"24","530",0.00000,"390","0530",449.00000000,1171723.45445126,235136.13358128,G3900530,"3900530",1354569435.89000010490,206291.31041999999,"-1","24",4047871.85710000014,border,Joined layer 1820,"MultiPolygon?crs=ESRI:102003&field=DECADE:string(4,0)&field=NHGISNAM:string(50,0)&field=NHGISST:string(3,0)&field=NHGISCTY:string(4,0)&field=ICPSRST:string(3,0)&field=ICPSRCTY:string(4,0)&field=ICPSRNAM:string(35,0)&field=STATENAM:string(25,0)&field=ICPS"
"1820",Baltimore,"240","0050","52","50",BALTIMORE,Maryland,"52","50",0.00000,"240","0050",326.00000000,1632826.12557135,386325.26629596,G2400050,"2400050",2302696521.36000013351,484225.63935299998,"-1","24",4047871.85710000014,border,Joined layer 1820,"MultiPolygon?crs=ESRI:102003&field=DECADE:string(4,0)&field=NHGISNAM:string(50,0)&field=NHGISST:string(3,0)&field=NHGISCTY:string(4,0)&field=ICPSRST:string(3,0)&field=ICPSRCTY:string(4,0)&field=ICPSRNAM:string(35,0)&field=STATENAM:string(25,0)&field=ICPS"
"1820",Brown,"390","0150","24","150",BROWN,Ohio,"24","150",0.00000,"390","0150",437.00000000,1039014.89355481,227857.48758582,G3900150,"3900150",1317146881.33999991417,192595.18067400000,"-1","24",4047871.85710000014,border,Joined layer 1820,"MultiPolygon?crs=ESRI:102003&field=DECADE:string(4,0)&field=NHGISNAM:string(50,0)&field=NHGISST:string(3,0)&field=NHGISCTY:string(4,0)&field=ICPSRST:string(3,0)&field=ICPSRCTY:string(4,0)&field=ICPSRNAM:string(35,0)&field=STATENAM:string(25,0)&field=ICPS"
"1820",Daviess,"210","0590","51","590",DAVIESS,Kentucky,"51","590",0.00000,"210","0590",593.00000000,773932.08174221,58059.31672308,G2100590,"2100590",1576742370.03999996185,234606.64225999999,"-1","24",4047871.85710000014,border,Joined layer 1820,"MultiPolygon?crs=ESRI:102003&field=DECADE:string(4,0)&field=NHGISNAM:string(50,0)&field=NHGISST:string(3,0)&field=NHGISCTY:string(4,0)&field=ICPSRST:string(3,0)&field=ICPSRCTY:string(4,0)&field=ICPSRNAM:string(35,0)&field=STATENAM:string(25,0)&field=ICPS"
"1820",Scioto,"390","1450","24","1450",SCIOTO,Ohio,"24","1450",0.00000,"390","1450",475.00000000,1115561.64149532,222618.18993481,G3901450,"3901450",1595622714.08999991417,224822.81916799999,"-1","24",4047871.85710000014,border,Joined layer 1820,"MultiPolygon?crs=ESRI:102003&field=DECADE:string(4,0)&field=NHGISNAM:string(50,0)&field=NHGISST:string(3,0)&field=NHGISCTY:string(4,0)&field=ICPSRST:string(3,0)&field=ICPSRCTY:string(4,0)&field=ICPSRNAM:string(35,0)&field=STATENAM:string(25,0)&field=ICPS"
"1820",Columbiana,"390","0290","24","290",COLUMBIANA,Ohio,"24","290",0.00000,"390","0290",442.00000000,1265880.04193400,468693.69558287,G3900290,"3900290",2204988644.19999980927,190180.93703999999,"-1","24",4047871.85710000014,border,Joined layer 1820,"MultiPolygon?crs=ESRI:102003&field=DECADE:string(4,0)&field=NHGISNAM:string(50,0)&field=NHGISST:string(3,0)&field=NHGISCTY:string(4,0)&field=ICPSRST:string(3,0)&field=ICPSRCTY:string(4,0)&field=ICPSRNAM:string(35,0)&field=STATENAM:string(25,0)&field=ICPS"
"1820",Indian Lands - No Population,"295","0077",,,,Missouri Territory,"0","0",0.00000,"295","0077",769.00000000,-418225.47176983,697476.47997313,G2950077,"2950077",1718557391540.00000000000,7679448.30494999979,"-1","24",4047871.85710000014,border,Joined layer 1820,"MultiPolygon?crs=ESRI:102003&field=DECADE:string(4,0)&field=NHGISNAM:string(50,0)&field=NHGISST:string(3,0)&field=NHGISCTY:string(4,0)&field=ICPSRST:string(3,0)&field=ICPSRCTY:string(4,0)&field=ICPSRNAM:string(35,0)&field=STATENAM:string(25,0)&field=ICPS"
"1820",Crawford,"180","0250","22","250",CRAWFORD,Indiana,"22","250",0.00000,"180","0250",207.00000000,826262.90774568,130909.69913013,G1800250,"1800250",736443863.62000000477,179894.93414100001,"-1","24",4047871.85710000014,border,Joined layer 1820,"MultiPolygon?crs=ESRI:102003&field=DECADE:string(4,0)&field=NHGISNAM:string(50,0)&field=NHGISST:string(3,0)&field=NHGISCTY:string(4,0)&field=ICPSRST:string(3,0)&field=ICPSRCTY:string(4,0)&field=ICPSRNAM:string(35,0)&field=STATENAM:string(25,0)&field=ICPS"
"1820",Mason,"210","1610","51","1610",MASON,Kentucky,"51","1610",0.00000,"210","1610",104.00000000,1047500.43688675,189899.23109892,G2101610,"2101610",646943561.91400003433,106175.53833400000,"-1","24",4047871.85710000014,border,Joined layer 1820,"MultiPolygon?crs=ESRI:102003&field=DECADE:string(4,0)&field=NHGISNAM:string(50,0)&field=NHGISST:string(3,0)&field=NHGISCTY:string(4,0)&field=ICPSRST:string(3,0)&field=ICPSRCTY:string(4,0)&field=ICPSRNAM:string(35,0)&field=STATENAM:string(25,0)&field=ICPS"
"1820",Frederick,"240","0210","52","190",FREDERICK,Maryland,"52","190",0.00000,"240","0210",330.00000000,1581596.49075405,381302.57530266,G2400210,"2400210",2345884808.61000013351,210170.28572799999,"-1","24",4047871.85710000014,border,Joined layer 1820,"MultiPolygon?crs=ESRI:102003&field=DECADE:string(4,0)&field=NHGISNAM:string(50,0)&field=NHGISST:string(3,0)&field=NHGISCTY:string(4,0)&field=ICPSRST:string(3,0)&field=ICPSRCTY:string(4,0)&field=ICPSRNAM:string(35,0)&field=STATENAM:string(25,0)&field=ICPS"
"1820",Harrison,"180","0610","22","610",HARRISON,Indiana,"22","610",0.00000,"180","0610",215.00000000,858164.25827780,126451.47701796,G1800610,"1800610",1482681685.43000006676,252929.15351199999,"-1","24",4047871.85710000014,border,Joined layer 1820,"MultiPolygon?crs=ESRI:102003&field=DECADE:string(4,0)&field=NHGISNAM:string(50,0)&field=NHGISST:string(3,0)&field=NHGISCTY:string(4,0)&field=ICPSRST:string(3,0)&field=ICPSRCTY:string(4,0)&field=ICPSRNAM:string(35,0)&field=STATENAM:string(25,0)&field=ICPS"
"1820",Somerset,"420","1110","14","1110",SOMERSET,Pennsylvania,"14","1110",0.00000,"420","1110",118.00000000,1429098.72242944,405030.32337624,G4201110,"4201110",2800210771.63000011444,245798.53730000000,"-1","24",4047871.85710000014,border,Joined layer 1820,"MultiPolygon?crs=ESRI:102003&field=DECADE:string(4,0)&field=NHGISNAM:string(50,0)&field=NHGISST:string(3,0)&field=NHGISCTY:string(4,0)&field=ICPSRST:string(3,0)&field=ICPSRCTY:string(4,0)&field=ICPSRNAM:string(35,0)&field=STATENAM:string(25,0)&field=ICPS"
"1820",Union,"170","1810","21","1810",UNION,Illinois,"21","1810",0.00000,"170","1810",203.00000000,590393.09223272,17733.62645187,G1701810,"1701810",1093310597.91000008583,148853.14941499999,"-1","24",4047871.85710000014,border,Joined layer 1820,"MultiPolygon?crs=ESRI:102003&field=DECADE:string(4,0)&field=NHGISNAM:string(50,0)&field=NHGISST:string(3,0)&field=NHGISCTY:string(4,0)&field=ICPSRST:string(3,0)&field=ICPSRCTY:string(4,0)&field=ICPSRNAM:string(35,0)&field=STATENAM:string(25,0)&field=ICPS"
"1820",Posey,"180","1290","22","1290",POSEY,Indiana,"22","1290",0.00000,"180","1290",226.00000000,706942.69103541,88840.68569989,G1801290,"1801290",1096825575.42000007629,243017.95626400001,"-1","24",4047871.85710000014,border,Joined layer 1820,"MultiPolygon?crs=ESRI:102003&field=DECADE:string(4,0)&field=NHGISNAM:string(50,0)&field=NHGISST:string(3,0)&field=NHGISCTY:string(4,0)&field=ICPSRST:string(3,0)&field=ICPSRCTY:string(4,0)&field=ICPSRNAM:string(35,0)&field=STATENAM:string(25,0)&field=ICPS"
"1820",Lancaster,"420","0710","14","710",LANCASTER,Pennsylvania,"14","710",0.00000,"420","0710",640.00000000,1658513.35002769,457903.23925638,G4200710,"4200710",2548041314.71999979019,243671.62068800000,"-1","24",4047871.85710000014,border,Joined layer 1820,"MultiPolygon?crs=ESRI:102003&field=DECADE:string(4,0)&field=NHGISNAM:string(50,0)&field=NHGISST:string(3,0)&field=NHGISCTY:string(4,0)&field=ICPSRST:string(3,0)&field=ICPSRCTY:string(4,0)&field=ICPSRNAM:string(35,0)&field=STATENAM:string(25,0)&field=ICPS"
"1820",Cecil,"240","0150","52","130",CECIL,Maryland,"52","130",0.00000,"240","0150",328.00000000,1694801.86451046,412105.87459107,G2400150,"2400150",929932180.27600002289,297447.00224900001,"-1","24",4047871.85710000014,border,Joined layer 1820,"MultiPolygon?crs=ESRI:102003&field=DECADE:string(4,0)&field=NHGISNAM:string(50,0)&field=NHGISST:string(3,0)&field=NHGISCTY:string(4,0)&field=ICPSRST:string(3,0)&field=ICPSRCTY:string(4,0)&field=ICPSRNAM:string(35,0)&field=STATENAM:string(25,0)&field=ICPS"
"1820",Hamilton,"390","0610","24","610",HAMILTON,Ohio,"24","610",0.00000,"390","0610",452.00000000,978052.63264863,249064.42850602,G3900610,"3900610",1069105643.08999991417,167595.53061200000,"-1","24",4047871.85710000014,border,Joined layer 1820,"MultiPolygon?crs=ESRI:102003&field=DECADE:string(4,0)&field=NHGISNAM:string(50,0)&field=NHGISST:string(3,0)&field=NHGISCTY:string(4,0)&field=ICPSRST:string(3,0)&field=ICPSRCTY:string(4,0)&field=ICPSRNAM:string(35,0)&field=STATENAM:string(25,0)&field=ICPS"
"1820",Madison,"170","1190","21","1190",MADISON,Illinois,"21","1190",0.00000,"170","1190",198.00000000,475158.19261805,314037.20590580,G1701190,"1701190",38915353784.50000000000,934402.09484899999,"-1","24",4047871.85710000014,border,Joined layer 1820,"MultiPolygon?crs=ESRI:102003&field=DECADE:string(4,0)&field=NHGISNAM:string(50,0)&field=NHGISST:string(3,0)&field=NHGISCTY:string(4,0)&field=ICPSRST:string(3,0)&field=ICPSRCTY:string(4,0)&field=ICPSRNAM:string(35,0)&field=STATENAM:string(25,0)&field=ICPS"
"1820",St Charles,"295","0215",,,,Missouri Territory,"34","1830",0.00000,"295","0215",774.00000000,457976.13709176,156506.38699095,G2950215,"2950215",1534177152.93000006676,255278.09150200000,"-1","24",4047871.85710000014,border,Joined layer 1820,"MultiPolygon?crs=ESRI:102003&field=DECADE:string(4,0)&field=NHGISNAM:string(50,0)&field=NHGISST:string(3,0)&field=NHGISCTY:string(4,0)&field=ICPSRST:string(3,0)&field=ICPSRCTY:string(4,0)&field=ICPSRNAM:string(35,0)&field=STATENAM:string(25,0)&field=ICPS"
"1820",Pendleton,"210","1910","51","1910",PENDLETON,Kentucky,"51","1910",0.00000,"210","1910",409.00000000,1000364.30384280,195361.56986922,G2101910,"2101910",728850097.00000000000,121563.51336700001,"-1","24",4047871.85710000014,border,Joined layer 1820,"MultiPolygon?crs=ESRI:102003&field=DECADE:string(4,0)&field=NHGISNAM:string(50,0)&field=NHGISST:string(3,0)&field=NHGISCTY:string(4,0)&field=ICPSRST:string(3,0)&field=ICPSRCTY:string(4,0)&field=ICPSRNAM:string(35,0)&field=STATENAM:string(25,0)&field=ICPS"
"1820",Meigs,"390","1050","24","1050",MEIGS,Ohio,"24","1050",0.00000,"390","1050",463.00000000,1193596.70099688,265262.37324208,G3901050,"3901050",1119849794.81999993324,187504.55660200000,"-1","24",4047871.85710000014,border,Joined layer 1820,"MultiPolygon?crs=ESRI:102003&field=DECADE:string(4,0)&field=NHGISNAM:string(50,0)&field=NHGISST:string(3,0)&field=NHGISCTY:string(4,0)&field=ICPSRST:string(3,0)&field=ICPSRCTY:string(4,0)&field=ICPSRNAM:string(35,0)&field=STATENAM:string(25,0)&field=ICPS"
"1820",Franklin,"420","0550","14","550",FRANKLIN,Pennsylvania,"14","550",0.00000,"420","0550",501.00000000,1538830.21140508,420487.60362365,G4200550,"4200550",2001100387.04000020027,215646.48824499999,"-1","24",4047871.85710000014,border,Joined layer 1820,"MultiPolygon?crs=ESRI:102003&field=DECADE:string(4,0)&field=NHGISNAM:string(50,0)&field=NHGISST:string(3,0)&field=NHGISCTY:string(4,0)&field=ICPSRST:string(3,0)&field=ICPSRCTY:string(4,0)&field=ICPSRNAM:string(35,0)&field=STATENAM:string(25,0)&field=ICPS"
"1820",Wood,"510","1953","40","1955",WOOD,Virginia,"40","1955",0.00000,"510","1953",299.00000000,1247830.73659826,280819.63329731,G5101953,"5101953",2960435939.00000000000,262129.65337000001,"-1","24",4047871.85710000014,border,Joined layer 1820,"MultiPolygon?crs=ESRI:102003&field=DECADE:string(4,0)&field=NHGISNAM:string(50,0)&field=NHGISST:string(3,0)&field=NHGISCTY:string(4,0)&field=ICPSRST:string(3,0)&field=ICPSRCTY:string(4,0)&field=ICPSRNAM:string(35,0)&field=STATENAM:string(25,0)&field=ICPS"
"1820",Warrick,"180","1730","22","1730",WARRICK,Indiana,"22","1730",0.00000,"180","1730",649.00000000,756048.57755127,92942.42454124,G1801730,"1801730",651201616.60000002384,131415.94191400000,"-1","24",4047871.85710000014,border,Joined layer 1820,"MultiPolygon?crs=ESRI:102003&field=DECADE:string(4,0)&field=NHGISNAM:string(50,0)&field=NHGISST:string(3,0)&field=NHGISCTY:string(4,0)&field=ICPSRST:string(3,0)&field=ICPSRCTY:string(4,0)&field=ICPSRNAM:string(35,0)&field=STATENAM:string(25,0)&field=ICPS"
"1820",Gallatin,"210","0770","51","770",GALLATIN,Kentucky,"51","770",0.00000,"210","0770",85.00000000,941357.84250782,185886.83358222,G2100770,"2100770",980398095.07200002670,168271.04608500001,"-1","24",4047871.85710000014,border,Joined layer 1820,"MultiPolygon?crs=ESRI:102003&field=DECADE:string(4,0)&field=NHGISNAM:string(50,0)&field=NHGISST:string(3,0)&field=NHGISCTY:string(4,0)&field=ICPSRST:string(3,0)&field=ICPSRCTY:string(4,0)&field=ICPSRNAM:string(35,0)&field=STATENAM:string(25,0)&field=ICPS"
"1820",Perry,"180","1230","22","1230",PERRY,Indiana,"22","1230",0.00000,"180","1230",224.00000000,812652.72843521,106094.14715641,G1801230,"1801230",1064091176.25999999046,181019.11566600000,"-1","24",4047871.85710000014,border,Joined layer 1820,"MultiPolygon?crs=ESRI:102003&field=DECADE:string(4,0)&field=NHGISNAM:string(50,0)&field=NHGISST:string(3,0)&field=NHGISCTY:string(4,0)&field=ICPSRST:string(3,0)&field=ICPSRCTY:string(4,0)&field=ICPSRNAM:string(35,0)&field=STATENAM:string(25,0)&field=ICPS"
"1820",Monroe,"390","1110","24","1110",MONROE,Ohio,"24","1110",0.00000,"390","1110",465.00000000,1256405.75630323,348978.38544714,G3901110,"3901110",1436637096.55999994278,167863.61860200000,"-1","24",4047871.85710000014,border,Joined layer 1820,"MultiPolygon?crs=ESRI:102003&field=DECADE:string(4,0)&field=NHGISNAM:string(50,0)&field=NHGISST:string(3,0)&field=NHGISCTY:string(4,0)&field=ICPSRST:string(3,0)&field=ICPSRCTY:string(4,0)&field=ICPSRNAM:string(35,0)&field=STATENAM:string(25,0)&field=ICPS"
"1820",Gallatin,"170","0590","21","590",GALLATIN,Illinois,"21","590",0.00000,"170","0590",194.00000000,664626.63444019,53229.69898962,G1700590,"1700590",2049848615.55999994278,224311.41170999999,"-1","24",4047871.85710000014,border,Joined layer 1820,"MultiPolygon?crs=ESRI:102003&field=DECADE:string(4,0)&field=NHGISNAM:string(50,0)&field=NHGISST:string(3,0)&field=NHGISCTY:string(4,0)&field=ICPSRST:string(3,0)&field=ICPSRCTY:string(4,0)&field=ICPSRNAM:string(35,0)&field=STATENAM:string(25,0)&field=ICPS"
"1820",St Louis,"295","0255",,,,Missouri Territory,"34","1890",0.00000,"295","0255",676.00000000,480781.40756093,141899.88718258,G2950255,"2950255",1527694452.13000011444,216740.81885099999,"-1","24",4047871.85710000014,border,Joined layer 1820,"MultiPolygon?crs=ESRI:102003&field=DECADE:string(4,0)&field=NHGISNAM:string(50,0)&field=NHGISST:string(3,0)&field=NHGISCTY:string(4,0)&field=ICPSRST:string(3,0)&field=ICPSRCTY:string(4,0)&field=ICPSRNAM:string(35,0)&field=STATENAM:string(25,0)&field=ICPS"
"1820",Boone,"210","0150","51","150",BOONE,Kentucky,"51","150",0.00000,"210","0150",241.00000000,965447.58078423,220418.95718564,G2100150,"2100150",728932506.73399996758,120853.13678900000,"-1","24",4047871.85710000014,border,Joined layer 1820,"MultiPolygon?crs=ESRI:102003&field=DECADE:string(4,0)&field=NHGISNAM:string(50,0)&field=NHGISST:string(3,0)&field=NHGISCTY:string(4,0)&field=ICPSRST:string(3,0)&field=ICPSRCTY:string(4,0)&field=ICPSRNAM:string(35,0)&field=STATENAM:string(25,0)&field=ICPS"
"1820",York,"420","1330","14","1330",YORK,Pennsylvania,"14","1330",0.00000,"420","1330",126.00000000,1621651.29001252,436217.92968333,G4201330,"4201330",2357546913.57000017166,252993.95274600000,"-1","24",4047871.85710000014,border,Joined layer 1820,"MultiPolygon?crs=ESRI:102003&field=DECADE:string(4,0)&field=NHGISNAM:string(50,0)&field=NHGISST:string(3,0)&field=NHGISCTY:string(4,0)&field=ICPSRST:string(3,0)&field=ICPSRCTY:string(4,0)&field=ICPSRNAM:string(35,0)&field=STATENAM:string(25,0)&field=ICPS"
"1820",Floyd,"180","0430","22","430",FLOYD,Indiana,"22","430",0.00000,"180","0430",212.00000000,874205.43809591,137848.46679040,G1800430,"1800430",310644963.29900002480,93568.53637089999,"-1","24",4047871.85710000014,border,Joined layer 1820,"MultiPolygon?crs=ESRI:102003&field=DECADE:string(4,0)&field=NHGISNAM:string(50,0)&field=NHGISST:string(3,0)&field=NHGISCTY:string(4,0)&field=ICPSRST:string(3,0)&field=ICPSRCTY:string(4,0)&field=ICPSRNAM:string(35,0)&field=STATENAM:string(25,0)&field=ICPS"
"1820",Clermont,"390","0250","24","250",CLERMONT,Ohio,"24","250",0.00000,"390","0250",440.00000000,1013275.11605272,236680.25848540,G3900250,"3900250",1185363103.33999991417,154026.47873500001,"-1","24",4047871.85710000014,border,Joined layer 1820,"MultiPolygon?crs=ESRI:102003&field=DECADE:string(4,0)&field=NHGISNAM:string(50,0)&field=NHGISST:string(3,0)&field=NHGISCTY:string(4,0)&field=ICPSRST:string(3,0)&field=ICPSRCTY:string(4,0)&field=ICPSRNAM:string(35,0)&field=STATENAM:string(25,0)&field=ICPS"
"1820",Washington,"420","1250","14","1250",WASHINGTON,Pennsylvania,"14","1250",0.00000,"420","1250",123.00000000,1323377.40287837,411328.18026841,G4201250,"4201250",2229833395.09000015259,252290.94832100000,"-1","24",4047871.85710000014,border,Joined layer 1820,"MultiPolygon?crs=ESRI:102003&field=DECADE:string(4,0)&field=NHGISNAM:string(50,0)&field=NHGISST:string(3,0)&field=NHGISCTY:string(4,0)&field=ICPSRST:string(3,0)&field=ICPSRCTY:string(4,0)&field=ICPSRNAM:string(35,0)&field=STATENAM:string(25,0)&field=ICPS"
"1820",Greenup,"210","0890","51","890",GREENUP,Kentucky,"51","890",0.00000,"210","0890",90.00000000,1126951.38660185,171606.19919361,G2100890,"2100890",3320375298.40000057220,306277.71808399999,"-1","24",4047871.85710000014,border,Joined layer 1820,"MultiPolygon?crs=ESRI:102003&field=DECADE:string(4,0)&field=NHGISNAM:string(50,0)&field=NHGISST:string(3,0)&field=NHGISCTY:string(4,0)&field=ICPSRST:string(3,0)&field=ICPSRCTY:string(4,0)&field=ICPSRNAM:string(35,0)&field=STATENAM:string(25,0)&field=ICPS"
"1820",Monongalia,"510","1193","40","1195",MONONGALIA,Virginia,"40","1195",0.00000,"510","1193",577.00000000,1349709.79030724,345038.55492899,G5101193,"5101193",1632989178.37999987602,244845.66682799999,"-1","24",4047871.85710000014,border,Joined layer 1820,"MultiPolygon?crs=ESRI:102003&field=DECADE:string(4,0)&field=NHGISNAM:string(50,0)&field=NHGISST:string(3,0)&field=NHGISCTY:string(4,0)&field=ICPSRST:string(3,0)&field=ICPSRCTY:string(4,0)&field=ICPSRNAM:string(35,0)&field=STATENAM:string(25,0)&field=ICPS"
"1820",Chester,"420","0290","14","290",CHESTER,Pennsylvania,"14","290",0.00000,"420","0290",493.00000000,1701418.13453151,459142.37296176,G4200290,"4200290",1967886858.22000002861,250279.43703299999,"-1","24",4047871.85710000014,border,Joined layer 1820,"MultiPolygon?crs=ESRI:102003&field=DECADE:string(4,0)&field=NHGISNAM:string(50,0)&field=NHGISST:string(3,0)&field=NHGISCTY:string(4,0)&field=ICPSRST:string(3,0)&field=ICPSRCTY:string(4,0)&field=ICPSRNAM:string(35,0)&field=STATENAM:string(25,0)&field=ICPS"
"1820",Tyler,"510","1855","40","1859",TYLER,Virginia,"40","1859",0.00000,"510","1855",295.00000000,1291248.91637915,331568.24200558,G5101855,"5101855",1776278978.27999997139,237500.91138700000,"-1","24",4047871.85710000014,border,Joined layer 1820,"MultiPolygon?crs=ESRI:102003&field=DECADE:string(4,0)&field=NHGISNAM:string(50,0)&field=NHGISST:string(3,0)&field=NHGISCTY:string(4,0)&field=ICPSRST:string(3,0)&field=ICPSRCTY:string(4,0)&field=ICPSRNAM:string(35,0)&field=STATENAM:string(25,0)&field=ICPS"
"1820",Preston,"510","1455","40","1455",PRESTON,Virginia,"40","1455",0.00000,"510","1455",279.00000000,1384439.57167138,341429.33299532,G5101455,"5101455",1542076578.85999989510,159856.22733699999,"-1","24",4047871.85710000014,border,Joined layer 1820,"MultiPolygon?crs=ESRI:102003&field=DECADE:string(4,0)&field=NHGISNAM:string(50,0)&field=NHGISST:string(3,0)&field=NHGISCTY:string(4,0)&field=ICPSRST:string(3,0)&field=ICPSRCTY:string(4,0)&field=ICPSRNAM:string(35,0)&field=STATENAM:string(25,0)&field=ICPS"
"1820",Spencer,"180","1470","22","1470",SPENCER,Indiana,"22","1470",0.00000,"180","1470",229.00000000,782144.66148496,95585.42284078,G1801470,"1801470",967695456.94099998474,182304.24301499999,"-1","24",4047871.85710000014,border,Joined layer 1820,"MultiPolygon?crs=ESRI:102003&field=DECADE:string(4,0)&field=NHGISNAM:string(50,0)&field=NHGISST:string(3,0)&field=NHGISCTY:string(4,0)&field=ICPSRST:string(3,0)&field=ICPSRCTY:string(4,0)&field=ICPSRNAM:string(35,0)&field=STATENAM:string(25,0)&field=ICPS"
"1820",Adams,"420","0010","14","10",ADAMS,Pennsylvania,"14","10",0.00000,"420","0010",484.00000000,1581886.97713834,422619.38992725,G4200010,"4200010",1350727896.99000000954,149690.12065600001,"-1","24",4047871.85710000014,border,Joined layer 1820,"MultiPolygon?crs=ESRI:102003&field=DECADE:string(4,0)&field=NHGISNAM:string(50,0)&field=NHGISST:string(3,0)&field=NHGISCTY:string(4,0)&field=ICPSRST:string(3,0)&field=ICPSRCTY:string(4,0)&field=ICPSRNAM:string(35,0)&field=STATENAM:string(25,0)&field=ICPS"
"1820",Brooke,"510","0237","40","245",BROOKE,Virginia,"40","245",0.00000,"510","0237",551.00000000,1292418.12375318,429515.90450198,G5100237,"5100237",467784524.16600000858,139108.10079999999,"-1","24",4047871.85710000014,border,Joined layer 1820,"MultiPolygon?crs=ESRI:102003&field=DECADE:string(4,0)&field=NHGISNAM:string(50,0)&field=NHGISST:string(3,0)&field=NHGISCTY:string(4,0)&field=ICPSRST:string(3,0)&field=ICPSRCTY:string(4,0)&field=ICPSRNAM:string(35,0)&field=STATENAM:string(25,0)&field=ICPS"
"1820",Bedford,"420","0090","14","90",BEDFORD,Pennsylvania,"14","90",0.00000,"420","0090",487.00000000,1482152.73875437,418908.26170700,G4200090,"4200090",4073304309.24000024796,272232.67688899999,"-1","24",4047871.85710000014,border,Joined layer 1820,"MultiPolygon?crs=ESRI:102003&field=DECADE:string(4,0)&field=NHGISNAM:string(50,0)&field=NHGISST:string(3,0)&field=NHGISCTY:string(4,0)&field=ICPSRST:string(3,0)&field=ICPSRCTY:string(4,0)&field=ICPSRNAM:string(35,0)&field=STATENAM:string(25,0)&field=ICPS"
"1820",Lewis,"210","1350","51","1350",LEWIS,Kentucky,"51","1350",0.00000,"210","1350",99.00000000,1086750.91316624,187899.51452627,G2101350,"2101350",1283861435.82999992371,226596.03775799999,"-1","24",4047871.85710000014,border,Joined layer 1820,"MultiPolygon?crs=ESRI:102003&field=DECADE:string(4,0)&field=NHGISNAM:string(50,0)&field=NHGISST:string(3,0)&field=NHGISCTY:string(4,0)&field=ICPSRST:string(3,0)&field=ICPSRCTY:string(4,0)&field=ICPSRNAM:string(35,0)&field=STATENAM:string(25,0)&field=ICPS"
"1820",Cape Girardeau,"295","0015",,,,Missouri Territory,"34","310",0.00000,"295","0015",766.00000000,543321.63903657,-3847.68099126,G2950015,"2950015",3577982451.88999986649,320339.18763499998,"-1","24",4047871.85710000014,border,Joined layer 1820,"MultiPolygon?crs=ESRI:102003&field=DECADE:string(4,0)&field=NHGISNAM:string(50,0)&field=NHGISST:string(3,0)&field=NHGISCTY:string(4,0)&field=ICPSRST:string(3,0)&field=ICPSRCTY:string(4,0)&field=ICPSRNAM:string(35,0)&field=STATENAM:string(25,0)&field=ICPS"
"1820",Athens,"390","0090","24","90",ATHENS,Ohio,"24","90",0.00000,"390","0090",435.00000000,1181985.59545889,292966.13266803,G3900090,"3900090",1977285051.46000003815,235773.13873800001,"-1","24",4047871.85710000014,border,Joined layer 1820,"MultiPolygon?crs=ESRI:102003&field=DECADE:string(4,0)&field=NHGISNAM:string(50,0)&field=NHGISST:string(3,0)&field=NHGISCTY:string(4,0)&field=ICPSRST:string(3,0)&field=ICPSRCTY:string(4,0)&field=ICPSRNAM:string(35,0)&field=STATENAM:string(25,0)&field=ICPS"
"1820",Pike,"295","0195",,,,Missouri Territory,"34","1630",0.00000,"295","0195",773.00000000,350998.89866262,270404.05114075,G2950195,"2950195",16567652626.80000114441,635928.55910399999,"-1","24",4047871.85710000014,border,Joined layer 1820,"MultiPolygon?crs=ESRI:102003&field=DECADE:string(4,0)&field=NHGISNAM:string(50,0)&field=NHGISST:string(3,0)&field=NHGISCTY:string(4,0)&field=ICPSRST:string(3,0)&field=ICPSRCTY:string(4,0)&field=ICPSRNAM:string(35,0)&field=STATENAM:string(25,0)&field=ICPS"
"1820",Clark,"180","0190","22","190",CLARK,Indiana,"22","190",0.00000,"180","0190",206.00000000,890710.05626881,158253.33510715,G1800190,"1800190",815475485.31500005722,138520.93621900000,"-1","24",4047871.85710000014,border,Joined layer 1820,"MultiPolygon?crs=ESRI:102003&field=DECADE:string(4,0)&field=NHGISNAM:string(50,0)&field=NHGISST:string(3,0)&field=NHGISCTY:string(4,0)&field=ICPSRST:string(3,0)&field=ICPSRCTY:string(4,0)&field=ICPSRNAM:string(35,0)&field=STATENAM:string(25,0)&field=ICPS"
"1820",Jefferson,"390","0810","24","810",JEFFERSON,Ohio,"24","810",0.00000,"390","0810",457.00000000,1276871.49804203,424910.61084628,G3900810,"3900810",1032082009.88999986649,151197.88948700001,"-1","24",4047871.85710000014,border,Joined layer 1820,"MultiPolygon?crs=ESRI:102003&field=DECADE:string(4,0)&field=NHGISNAM:string(50,0)&field=NHGISST:string(3,0)&field=NHGISCTY:string(4,0)&field=ICPSRST:string(3,0)&field=ICPSRCTY:string(4,0)&field=ICPSRNAM:string(35,0)&field=STATENAM:string(25,0)&field=ICPS"
"1820",New Madrid,"295","0175",,,,Missouri Territory,"34","1430",0.00000,"295","0175",772.00000000,553452.04201523,-84586.62475836,G2950175,"2950175",7970604460.09000110626,653808.23050399998,"-1","24",4047871.85710000014,border,Joined layer 1820,"MultiPolygon?crs=ESRI:102003&field=DECADE:string(4,0)&field=NHGISNAM:string(50,0)&field=NHGISST:string(3,0)&field=NHGISCTY:string(4,0)&field=ICPSRST:string(3,0)&field=ICPSRCTY:string(4,0)&field=ICPSRNAM:string(35,0)&field=STATENAM:string(25,0)&field=ICPS"
"1820",Johnson,"170","0870","21","870",JOHNSON,Illinois,"21","870",0.00000,"170","0870",197.00000000,624582.25810640,11915.90224213,G1700870,"1700870",1309456325.18000006676,162195.54603000000,"-1","24",4047871.85710000014,border,Joined layer 1820,"MultiPolygon?crs=ESRI:102003&field=DECADE:string(4,0)&field=NHGISNAM:string(50,0)&field=NHGISST:string(3,0)&field=NHGISCTY:string(4,0)&field=ICPSRST:string(3,0)&field=ICPSRCTY:string(4,0)&field=ICPSRNAM:string(35,0)&field=STATENAM:string(25,0)&field=ICPS"
"1820",St Clair,"170","1630","21","1630",ST CLAIR,Illinois,"21","1630",0.00000,"170","1630",202.00000000,523532.51523709,124013.31862508,G1701630,"1701630",1917912271.81999969482,179020.46791100001,"-1","24",4047871.85710000014,border,Joined layer 1820,"MultiPolygon?crs=ESRI:102003&field=DECADE:string(4,0)&field=NHGISNAM:string(50,0)&field=NHGISST:string(3,0)&field=NHGISCTY:string(4,0)&field=ICPSRST:string(3,0)&field=ICPSRCTY:string(4,0)&field=ICPSRNAM:string(35,0)&field=STATENAM:string(25,0)&field=ICPS"
"1820",Pope,"170","1510","21","1510",POPE,Illinois,"21","1510",0.00000,"170","1510",200.00000000,654513.75356224,12420.28403812,G1701510,"1701510",1559205804.74000024796,206196.64008899999,"-1","24",4047871.85710000014,border,Joined layer 1820,"MultiPolygon?crs=ESRI:102003&field=DECADE:string(4,0)&field=NHGISNAM:string(50,0)&field=NHGISST:string(3,0)&field=NHGISCTY:string(4,0)&field=ICPSRST:string(3,0)&field=ICPSRCTY:string(4,0)&field=ICPSRNAM:string(35,0)&field=STATENAM:string(25,0)&field=ICPS"
"1820",Adams,"390","0010","24","10",ADAMS,Ohio,"24","10",0.00000,"390","0010",433.00000000,1074090.62940956,221713.68506247,G3900010,"3900010",1517177965.15000033379,174683.99733499999,"-1","24",4047871.85710000014,border,Joined layer 1820,"MultiPolygon?crs=ESRI:102003&field=DECADE:string(4,0)&field=NHGISNAM:string(50,0)&field=NHGISST:string(3,0)&field=NHGISCTY:string(4,0)&field=ICPSRST:string(3,0)&field=ICPSRCTY:string(4,0)&field=ICPSRNAM:string(35,0)&field=STATENAM:string(25,0)&field=ICPS"
"1820",Belmont,"390","0130","24","130",BELMONT,Ohio,"24","130",0.00000,"390","0130",436.00000000,1264757.82908758,382060.17068780,G3900130,"3900130",1402187237.61999988556,159267.62521100001,"-1","24",4047871.85710000014,border,Joined layer 1820,"MultiPolygon?crs=ESRI:102003&field=DECADE:string(4,0)&field=NHGISNAM:string(50,0)&field=NHGISST:string(3,0)&field=NHGISCTY:string(4,0)&field=ICPSRST:string(3,0)&field=ICPSRCTY:string(4,0)&field=ICPSRNAM:string(35,0)&field=STATENAM:string(25,0)&field=ICPS"
"1820",Jefferson,"295","0095",,,,Missouri Territory,"34","990",0.00000,"295","0095",770.00000000,473496.53883513,97134.39172708,G2950095,"2950095",1829825308.30999970436,226403.43040499999,"-1","24",4047871.85710000014,border,Joined layer 1820,"MultiPolygon?crs=ESRI:102003&field=DECADE:string(4,0)&field=NHGISNAM:string(50,0)&field=NHGISST:string(3,0)&field=NHGISCTY:string(4,0)&field=ICPSRST:string(3,0)&field=ICPSRCTY:string(4,0)&field=ICPSRNAM:string(35,0)&field=STATENAM:string(25,0)&field=ICPS"
"1820",Bracken,"210","0230","51","230",BRACKEN,Kentucky,"51","230",0.00000,"210","0230",637.00000000,1023639.13619933,196471.14686020,G2100230,"2100230",584454295.21500003338,110150.67386100000,"-1","24",4047871.85710000014,border,Joined layer 1820,"MultiPolygon?crs=ESRI:102003&field=DECADE:string(4,0)&field=NHGISNAM:string(50,0)&field=NHGISST:string(3,0)&field=NHGISCTY:string(4,0)&field=ICPSRST:string(3,0)&field=ICPSRCTY:string(4,0)&field=ICPSRNAM:string(35,0)&field=STATENAM:string(25,0)&field=ICPS"
"1820",Greene,"420","0590","14","590",GREENE,Pennsylvania,"14","590",0.00000,"420","0590",502.00000000,1331683.86672338,374607.11802167,G4200590,"4200590",1496875432.54999995232,189198.86066800001,"-1","24",4047871.85710000014,border,Joined layer 1820,"MultiPolygon?crs=ESRI:102003&field=DECADE:string(4,0)&field=NHGISNAM:string(50,0)&field=NHGISST:string(3,0)&field=NHGISCTY:string(4,0)&field=ICPSRST:string(3,0)&field=ICPSRCTY:string(4,0)&field=ICPSRNAM:string(35,0)&field=STATENAM:string(25,0)&field=ICPS"
"1820",Vanderburgh,"180","1630","22","1630",VANDERBURGH,Indiana,"22","1630",0.00000,"180","1630",233.00000000,730674.51691143,91248.17271821,G1801630,"1801630",610555268.90199995041,132610.12482299999,"-1","24",4047871.85710000014,border,Joined layer 1820,"MultiPolygon?crs=ESRI:102003&field=DECADE:string(4,0)&field=NHGISNAM:string(50,0)&field=NHGISST:string(3,0)&field=NHGISCTY:string(4,0)&field=ICPSRST:string(3,0)&field=ICPSRCTY:string(4,0)&field=ICPSRNAM:string(35,0)&field=STATENAM:string(25,0)&field=ICPS"
"1820",Breckinridge,"210","0270","51","270",BRECKINRIDGE,Kentucky,"51","270",0.00000,"210","0270",71.00000000,828770.95059691,77624.10891429,G2100270,"2100270",2047885840.00000000000,330907.69989400002,"-1","24",4047871.85710000014,border,Joined layer 1820,"MultiPolygon?crs=ESRI:102003&field=DECADE:string(4,0)&field=NHGISNAM:string(50,0)&field=NHGISST:string(3,0)&field=NHGISCTY:string(4,0)&field=ICPSRST:string(3,0)&field=ICPSRCTY:string(4,0)&field=ICPSRNAM:string(35,0)&field=STATENAM:string(25,0)&field=ICPS"
"1820",Jackson,"170","0770","21","770",JACKSON,Illinois,"21","770",0.00000,"170","0770",196.00000000,576845.82524027,52046.78024626,G1700770,"1700770",1560540631.73999977112,176871.82894599999,"-1","24",4047871.85710000014,border,Joined layer 1820,"MultiPolygon?crs=ESRI:102003&field=DECADE:string(4,0)&field=NHGISNAM:string(50,0)&field=NHGISST:string(3,0)&field=NHGISCTY:string(4,0)&field=ICPSRST:string(3,0)&field=ICPSRCTY:string(4,0)&field=ICPSRNAM:string(35,0)&field=STATENAM:string(25,0)&field=ICPS"
"1820",Howard,"295","0075",,,,Missouri Territory,"34","890",0.00000,"295","0075",768.00000000,215100.61378299,262387.77534089,G2950075,"2950075",29661871609.09999847412,983605.24103799998,"-1","24",4047871.85710000014,border,Joined layer 1820,"MultiPolygon?crs=ESRI:102003&field=DECADE:string(4,0)&field=NHGISNAM:string(50,0)&field=NHGISST:string(3,0)&field=NHGISCTY:string(4,0)&field=ICPSRST:string(3,0)&field=ICPSRCTY:string(4,0)&field=ICPSRNAM:string(35,0)&field=STATENAM:string(25,0)&field=ICPS"
"1820",Alexander,"170","0030","21","30",ALEXANDER,Illinois,"21","30",0.00000,"170","0030",189.00000000,591617.16522847,-12590.30858141,G1700030,"1700030",1086201659.06999993324,173193.55466200001,"-1","24",4047871.85710000014,border,Joined layer 1820,"MultiPolygon?crs=ESRI:102003&field=DECADE:string(4,0)&field=NHGISNAM:string(50,0)&field=NHGISST:string(3,0)&field=NHGISCTY:string(4,0)&field=ICPSRST:string(3,0)&field=ICPSRCTY:string(4,0)&field=ICPSRNAM:string(35,0)&field=STATENAM:string(25,0)&field=ICPS"
"1820",Allegany,"240","0010","52","10",ALLEGANY,Maryland,"52","10",0.00000,"240","0010",324.00000000,1435679.80666548,359914.20360494,G2400010,"2400010",2811984958.86000013351,397153.04113700002,"-1","24",4047871.85710000014,border,Joined layer 1820,"MultiPolygon?crs=ESRI:102003&field=DECADE:string(4,0)&field=NHGISNAM:string(50,0)&field=NHGISST:string(3,0)&field=NHGISCTY:string(4,0)&field=ICPSRST:string(3,0)&field=ICPSRCTY:string(4,0)&field=ICPSRNAM:string(35,0)&field=STATENAM:string(25,0)&field=ICPS"
"1820",Beaver,"420","0070","14","70",BEAVER,Pennsylvania,"14","70",0.00000,"420","0070",486.00000000,1304769.01111580,472421.83782690,G4200070,"4200070",1636379492.38000035286,171167.65887300001,"-1","24",4047871.85710000014,border,Joined layer 1820,"MultiPolygon?crs=ESRI:102003&field=DECADE:string(4,0)&field=NHGISNAM:string(50,0)&field=NHGISST:string(3,0)&field=NHGISCTY:string(4,0)&field=ICPSRST:string(3,0)&field=ICPSRCTY:string(4,0)&field=ICPSRNAM:string(35,0)&field=STATENAM:string(25,0)&field=ICPS"
"1820",Ste Genevieve,"295","0235",,,,Missouri Territory,"34","1930",0.00000,"295","0235",775.00000000,513116.77425793,48747.09898187,G2950235,"2950235",3376576897.26999998093,334926.69597200002,"-1","24",4047871.85710000014,border,Joined layer 1820,"MultiPolygon?crs=ESRI:102003&field=DECADE:string(4,0)&field=NHGISNAM:string(50,0)&field=NHGISST:string(3,0)&field=NHGISCTY:string(4,0)&field=ICPSRST:string(3,0)&field=ICPSRCTY:string(4,0)&field=ICPSRNAM:string(35,0)&field=STATENAM:string(25,0)&field=ICPS"
"1820",Henry,"210","1030","51","1030",HENRY,Kentucky,"51","1030",0.00000,"210","1030",95.00000000,931711.30617638,161894.51892833,G2101030,"2101030",1167774665.54999995232,184335.15282500000,"-1","24",4047871.85710000014,border,Joined layer 1820,"MultiPolygon?crs=ESRI:102003&field=DECADE:string(4,0)&field=NHGISNAM:string(50,0)&field=NHGISST:string(3,0)&field=NHGISCTY:string(4,0)&field=ICPSRST:string(3,0)&field=ICPSRCTY:string(4,0)&field=ICPSRNAM:string(35,0)&field=STATENAM:string(25,0)&field=ICPS"
"1820",Henderson,"210","1010","51","1010",HENDERSON,Kentucky,"51","1010",0.00000,"210","1010",94.00000000,734597.60783366,62269.26736440,G2101010,"2101010",1484152018.16000008583,242646.37576600001,"-1","24",4047871.85710000014,border,Joined layer 1820,"MultiPolygon?crs=ESRI:102003&field=DECADE:string(4,0)&field=NHGISNAM:string(50,0)&field=NHGISST:string(3,0)&field=NHGISCTY:string(4,0)&field=ICPSRST:string(3,0)&field=ICPSRCTY:string(4,0)&field=ICPSRNAM:string(35,0)&field=STATENAM:string(25,0)&field=ICPS"
"1820",Fayette,"420","0510","14","510",FAYETTE,Pennsylvania,"14","510",0.00000,"420","0510",500.00000000,1378518.06807883,390094.94707512,G4200510,"4200510",2066812707.51999974251,243684.17378200000,"-1","24",4047871.85710000014,border,Joined layer 1820,"MultiPolygon?crs=ESRI:102003&field=DECADE:string(4,0)&field=NHGISNAM:string(50,0)&field=NHGISST:string(3,0)&field=NHGISCTY:string(4,0)&field=ICPSRST:string(3,0)&field=ICPSRCTY:string(4,0)&field=ICPSRNAM:string(35,0)&field=STATENAM:string(25,0)&field=ICPS"
"1820",Jefferson,"180","0770","22","770",JEFFERSON,Indiana,"22","770",0.00000,"180","0770",217.00000000,906769.22971242,194189.40424888,G1800770,"1800770",962940551.33200001717,162705.67839200000,"-1","24",4047871.85710000014,border,Joined layer 1820,"MultiPolygon?crs=ESRI:102003&field=DECADE:string(4,0)&field=NHGISNAM:string(50,0)&field=NHGISST:string(3,0)&field=NHGISCTY:string(4,0)&field=ICPSRST:string(3,0)&field=ICPSRCTY:string(4,0)&field=ICPSRNAM:string(35,0)&field=STATENAM:string(25,0)&field=ICPS"
"1820",Union,"210","2250","51","2250",UNION,Kentucky,"51","2250",0.00000,"210","2250",415.00000000,706481.10259207,43327.47130881,G2102250,"2102250",1262899020.70000004768,216774.66663900000,"-1","24",4047871.85710000014,border,Joined layer 1820,"MultiPolygon?crs=ESRI:102003&field=DECADE:string(4,0)&field=NHGISNAM:string(50,0)&field=NHGISST:string(3,0)&field=NHGISCTY:string(4,0)&field=ICPSRST:string(3,0)&field=ICPSRCTY:string(4,0)&field=ICPSRNAM:string(35,0)&field=STATENAM:string(25,0)&field=ICPS"
"1820",Campbell,"210","0370","51","370",CAMPBELL,Kentucky,"51","370",0.00000,"210","0370",75.00000000,988710.95927284,221404.90436076,G2100370,"2100370",842837034.34800004959,124034.89767300000,"-1","24",4047871.85710000014,border,Joined layer 1820,"MultiPolygon?crs=ESRI:102003&field=DECADE:string(4,0)&field=NHGISNAM:string(50,0)&field=NHGISST:string(3,0)&field=NHGISCTY:string(4,0)&field=ICPSRST:string(3,0)&field=ICPSRCTY:string(4,0)&field=ICPSRNAM:string(35,0)&field=STATENAM:string(25,0)&field=ICPS"
"1820",Washington,"240","0430","52","410",WASHINGTON,Maryland,"52","410",0.00000,"240","0430",339.00000000,1538020.96474013,383394.92744694,G2400430,"2400430",1210934437.70000004768,288000.39194200002,"-1","24",4047871.85710000014,border,Joined layer 1820,"MultiPolygon?crs=ESRI:102003&field=DECADE:string(4,0)&field=NHGISNAM:string(50,0)&field=NHGISST:string(3,0)&field=NHGISCTY:string(4,0)&field=ICPSRST:string(3,0)&field=ICPSRCTY:string(4,0)&field=ICPSRNAM:string(35,0)&field=STATENAM:string(25,0)&field=ICPS"
"1820",Jefferson,"210","1110","51","1110",JEFFERSON,Kentucky,"51","1110",0.00000,"210","1110",96.00000000,898184.32786183,131198.78692106,G2101110,"2101110",1352348302.49000000954,176080.08372400000,"-1","24",4047871.85710000014,border,Joined layer 1820,"MultiPolygon?crs=ESRI:102003&field=DECADE:string(4,0)&field=NHGISNAM:string(50,0)&field=NHGISST:string(3,0)&field=NHGISCTY:string(4,0)&field=ICPSRST:string(3,0)&field=ICPSRCTY:string(4,0)&field=ICPSRNAM:string(35,0)&field=STATENAM:string(25,0)&field=ICPS"
"1820",Cape May,"340","0090","12","90",CAPE MAY,New Jersey,"12","90",0.00000,"340","0090",376.00000000,1800160.56262177,385437.84366707,G3400090,"3400090",623631471.01800000668,530216.30855399999,,,,,Pasted,MultiPolygon?crs=ESRI:102003&uid={ed9641ff-7719-4127-885a-ccd51006d02a}
"1820",Kent,"100","0010","11","10",KENT,Delaware,"11","10",0.00000,"100","0010",43.00000000,1737482.98790392,364845.78370437,G1000010,"1000010",1525633963.44000029564,210049.76836600000,,,,,Pasted,MultiPolygon?crs=ESRI:102003&uid={ed9641ff-7719-4127-885a-ccd51006d02a}
"1820",Sussex,"100","0050","11","50",SUSSEX,Delaware,"11","50",0.00000,"100","0050",45.00000000,1762041.35410206,321920.34697850,G1000050,"1000050",2461099202.75000000000,390727.97441899998,,,,,Pasted,MultiPolygon?crs=ESRI:102003&uid={ed9641ff-7719-4127-885a-ccd51006d02a}
"1820",Cumberland,"340","0110","12","110",CUMBERLAND,New Jersey,"12","110",0.00000,"340","0110",377.00000000,1769750.04077801,404935.99382010,G3400110,"3400110",1355212420.75999999046,221264.61786900001,,,,,Pasted,MultiPolygon?crs=ESRI:102003&uid={ed9641ff-7719-4127-885a-ccd51006d02a}
"1820",Salem,"340","0330","12","330",SALEM,New Jersey,"12","330",0.00000,"340","0330",383.00000000,1743797.75466118,424155.44672031,G3400330,"3400330",902475628.32700002193,189070.29470299999,,,,,Pasted,MultiPolygon?crs=ESRI:102003&uid={ed9641ff-7719-4127-885a-ccd51006d02a}
"1820",Gloucester,"340","0150","12","150",GLOUCESTER,New Jersey,"12","150",0.00000,"340","0150",378.00000000,1783257.65902135,436057.97950111,G3400150,"3400150",2917610076.11000013351,807497.62110600004,,,,,Pasted,MultiPolygon?crs=ESRI:102003&uid={ed9641ff-7719-4127-885a-ccd51006d02a}
