year,NHGISNAM,NHGISST,NHGISCTY,ICPSRST,ICPSRCTY,ICPSRNAM,state,ICPSRSTI,ICPSRCTYI,ICPSRFIP,STATE,COUNTY,PID,longitude,latitude,GISJOIN,GISJOIN2,area,SHAPE_LEN,border,longitude_miles,distance,distance_1820,census_pop,urban_census_pop,rural_census_pop,enslaved,slavery_legal,area_sq_miles,ruralpopden,urbanpopden
1790,Elizabeth City,510,0550,40,550,ELIZABETH CITY,Virginia,40,550,0,510,0550,225,1717312.64463939,127891.00991176,G5100550,5100550,136064259.722,143249.830251,0,1067.0886054438267,-185.84219530061912,-144.2107402398899,3450,0,3450,1876,1,52.534704379144166,65.67087491539442,0
1790,Cumberland,340,0110,12,110,CUMBERLAND,New Jersey,12,110,0,340,0110,184,1769750.04077801,404935.9938201,G3400110,3400110,1355212420.76,221264.617869,0,1099.6716928003025,-34.285330999186264,-15.197975944374308,8248,0,8248,120,1,523.2504409389693,15.763006305735779,0
1790,Fayette (old),510,0617,51,670,FAYETTE,Virginia,51,670,0,510,0617,229,1001987.0781883,113731.17690734,G5100617,5100617,1430649579.09,244281.606802,0,622.6059053802667,-59.27900611275004,-59.27900611275004,18410,0,18410,3752,1,552.3768906044905,33.328693348943546,0
1790,Ohio,510,1355,40,1355,OHIO,Virginia,40,1355,0,510,1355,262,1294247.47749958,351158.96328008,G5101355,5101355,3985986516.35,497146.681123,1,804.2080981440761,-6.730370880940604,-6.730370880940604,5212,0,5212,281,1,1538.997997883819,3.3866190905814686,0
1790,Orange,360,0710,13,710,ORANGE,New York,13,710,0,360,0710,179,1793856.12011786,630493.18270521,G3600710,3600710,1750741135.18,215196.765598,0,1114.6505160598726,-24.552309634672927,-120.34492260821477,18477,0,18477,961,1,675.9649313420499,27.334258248155066,0
1790,New Hanover,370,1290,47,1290,NEW HANOVER,North Carolina,47,1290,0,370,1290,136,1635699.22612999,-181289.75923396,G3701290,3701290,3138698599.15,844004.85489,0,1016.3763782820764,-364.2798567177027,-342.7186303653294,6837,0,6837,3737,1,1211.858304145966,5.641748690098093,0
1790,New Haven,090,0090,1,90,NEW HAVEN,Connecticut,1,90,0,090,0090,4,1897677.3244827,669310.49314818,G0900090,0900090,1528737988.55,312354.008005,1,1179.1620215955693,19.803718586731183,172.26811963191398,30703,4487,26216,387,0,590.2490372249918,44.41515080355304,7.601876016766192
1790,Buckingham,510,0290,40,290,BUCKINGHAM,Virginia,40,290,0,510,0290,217,1515880.09706535,144385.31774294,G5100290,5100290,1885593138.8,237264.373214,0,941.9242232023421,-151.63212551992368,-151.63212551992368,9779,0,9779,4168,1,728.0315810235056,13.432109615701231,0
1790,Chesterfield,510,0410,40,410,CHESTERFIELD,Virginia,40,410,0,510,0410,221,1605561.61581017,143413.02806764,G5100410,5100410,1250566303.86,199654.911363,0,997.6497354264657,-162.51428495003086,-162.51428495003086,14214,0,14214,7487,1,482.84634932079416,29.437936146756453,0
1790,Rowan,370,1590,47,1590,ROWAN,North Carolina,47,1590,0,370,1590,147,1392049.01560878,-79843.08859202,G3701590,3701590,3572822637.04,256919.58583,0,864.9791564816347,-214.45563759320046,-214.45563759320046,15972,0,15972,1741,1,1379.4745322504575,11.578321764261554,0
1790,Orange,370,1350,47,1350,ORANGE,North Carolina,47,1350,0,370,1350,139,1493400.96853686,-28406.87010409,G3701350,3701350,2581694014.22,204444.412186,0,927.956340308138,-238.73152049954624,-238.73152049954624,12216,0,12216,2060,1,996.7976315864537,12.255245812088878,0
1790,Fayette,420,0510,14,510,FAYETTE,Pennsylvania,14,510,0,420,0510,72,1378518.06807883,390094.94707512,G4200510,4200510,2066812707.52,243684.173782,1,856.5714154828488,13.848971347872325,13.848971347872325,13318,0,13318,282,0,798.0008476764287,16.689205329516327,0
1790,King And Queen,510,0970,40,970,KING AND QUEEN,Virginia,40,970,0,510,0970,244,1656582.1507552401,192048.18687053,G5100970,5100970,829598768.546,233979.512163,0,1029.3524260538704,-139.10546603822797,-128.03511067618584,9377,0,9377,5143,1,320.30987525976553,29.274776471988016,0
1790,Northampton,370,1310,47,1310,NORTHAMPTON,North Carolina,47,1310,0,370,1310,137,1642320.53196998,39993.8206102,G3701310,3701310,1426082164.89,233598.429085,0,1020.4906669860391,-229.95877450634276,-212.5385919270351,9992,0,9992,4414,1,550.6134021229132,18.147033765388606,0
1790,Charlotte,510,0370,40,370,CHARLOTTE,Virginia,40,370,0,510,0370,220,1519126.68870856,85741.02889144,G5100370,5100370,1311515933.81,206198.536679,0,943.9415617223913,-187.85304771106533,-187.85304771106533,10078,0,10078,4816,1,506.3791330068525,19.902083919132625,0
1790,Albemarle,510,0030,40,30,ALBEMARLE,Virginia,40,30,0,510,0030,209,1508360.36252234,197440.28782088,G5100030,5100030,1907381415.23,193452.10798,0,937.2516767840436,-118.36464392173208,-118.36464392173208,12585,0,12585,5579,1,736.4440815840481,17.088873839450784,0
1790,Hampshire,250,0150,3,150,HAMPSHIRE,Massachusetts,3,150,0,250,0150,43,1894343.79158923,779005.46760236,G2500150,2500150,4930698597.09,350824.757262,0,1177.0906602871917,38.70110957523842,229.66574965680286,59656,0,59656,0,0,1903.7533714586584,31.33599178043293,0
1790,Hunterdon,340,0190,12,190,HUNTERDON,New Jersey,12,190,0,340,0190,61,1759153.54139331,534533.62297458,G3400190,3400190,1405560916.29,202415.065304,1,1093.0873333440893,-9.29998647794768,-56.95408678703253,20153,0,20153,1301,1,542.6901037424669,37.13537405790541,0
1790,New London,090,0110,1,110,NEW LONDON,Connecticut,1,110,0,090,0110,5,1959345.29862727,692595.15665936,G0900110,0900110,1557319128.1,382526.213359,1,1217.480724212642,12.781369731353482,207.92216290951123,32918,0,32918,581,0,601.2842768988496,54.74615130429827,0
1790,Laurens,450,0590,48,590,LAURENS,South Carolina,48,590,0,450,0590,96,1269362.29275841,-242547.78836689,G4500590,4500590,1987707428.4,245386.615295,0,788.745161232409,-273.3066249002047,-273.3066249002047,9337,0,9337,1120,1,767.4581286560941,12.16613604230128,0
1790,New Kent,510,1270,40,1270,NEW KENT,Virginia,40,1270,0,510,1270,259,1652543.0688937,166339.31876902,G5101270,5101270,567619458.023,185813.786917,0,1026.842656942021,-154.2197565132752,-142.01200330502184,6239,0,6239,3700,1,219.15909797337352,28.46790326157484,0
1790,Goochland,510,0750,40,750,GOOCHLAND,Virginia,40,750,0,510,0750,233,1569368.94112962,174646.68110274,G5100750,5100750,751062298.24,157890.687155,0,975.1606500099543,-139.30389806240504,-139.30389806240504,9053,0,9053,4656,1,289.9867745503142,31.218665106498705,0
1790,Louisa,510,1090,40,1090,LOUISA,Virginia,40,1090,0,510,1090,249,1559955.2713426,202079.6848521,G5101090,5101090,1322938907.64,176197.013991,0,969.3112667910651,-121.4696812259055,-121.4696812259055,8467,0,8467,4573,1,510.7895678595894,16.576297819628703,0
1790,Hampshire,510,0833,40,835,HAMPSHIRE,Virginia,40,835,0,510,0833,236,1468645.90819268,342969.96352929,G5100833,5100833,2703713366.98,349351.530757,0,912.5742589481677,-24.982351140803615,-24.982351140803615,7346,0,7346,454,1,1043.909567071042,7.03700802418269,0
1790,Craven,370,0490,47,490,CRAVEN,North Carolina,47,490,0,370,0490,113,1703461.99771,-94826.69625495,G3700490,3700490,2822217070.87,969123.68704,0,1058.4822124480534,-319.55581009615395,-280.42423019109896,10474,0,10474,3663,1,1089.6641029382458,9.612136411355738,0
1790,Indian Lands (No Data),360,0435,NA,NA,Indian Lands (No Data),New York,0,0,0,360,0435,286,1402754.18815293,695917.27079223,G3600435,3600435,14280789394.7,664473.056162,1,871.6310423084996,-39.771869699495475,-163.30711211252924,NA,NA,NA,NA,1,5513.8436109837385,NA,NA
1790,Hartford,090,0030,1,30,HARTFORD,Connecticut,1,30,0,090,0030,2,1900679.26331237,715694.38816526,G0900030,0900030,1858417905.74,197092.380518,0,1181.027339905185,39.744274887765506,197.13623281594104,38149,2683,35466,256,0,717.5391648801456,49.427267159589924,3.7391687190317424
1790,Kings,360,0470,13,470,KINGS,New York,13,470,0,360,0470,287,1832650.77383387,566027.28997345,G3600470,3600470,179497245.621,105486.785915,0,1138.7563962918243,-27.92622132819529,-96.83588103549114,4549,0,4549,1482,1,69.30427398669168,65.63808749909902,0
1790,Gloucester,510,0730,40,730,GLOUCESTER,Virginia,40,730,0,510,0730,232,1698554.5591064,166832.33677493,G5100730,5100730,803620904.53,559044.896179,0,1055.432871472103,-159.77699767236606,-126.40963294277805,13498,0,13498,7063,1,310.27976588886577,43.50267559772053,0
1790,Shenandoah,510,1710,40,1710,SHENANDOAH,Virginia,40,1710,0,510,1710,275,1497175.10677351,284305.69961013,G5101710,5101710,2230089053.35,250043.458605,0,930.3014810839137,-64.04365220972463,-64.04365220972463,10510,0,10510,512,1,861.0421972403145,12.206138135488716,0
1790,Philadelphia,420,1010,14,1010,PHILADELPHIA,Pennsylvania,14,1010,0,420,1010,80,1751285.62279412,474394.06476217,G4201010,4201010,352680036.054,185782.813586,1,1088.1984353836842,3.115850297790766,20.812176937077396,54388,44096,10292,373,0,136.170523195277,75.5817026952348,323.8292617614723
1790,York,420,1330,14,1330,YORK,Pennsylvania,14,1330,0,420,1330,83,1607167.25917668,431264.70265857,G4201330,4201330,3708274810.56,297725.836988,1,998.6474359594218,12.663379612374744,12.663379612374744,37535,0,37535,503,0,1431.7729088257954,26.215749556808316,0
1790,Franklin,510,0670,40,670,FRANKLIN,Virginia,40,670,0,510,0670,230,1414543.38862543,63605.46493835,G5100670,5100670,1817399649.57,222119.036395,0,878.9565118616218,-166.9089602385971,-166.9089602385971,6842,0,6842,1073,1,701.7019276332616,9.750578886218925,0
1790,Wake,370,1830,47,1830,WAKE,North Carolina,47,1830,0,370,1830,153,1544112.87717394,-48471.76833665,G3701830,3701830,2443285688.72,205581.256668,0,959.4672594385911,-271.82267380012115,-271.82267380012115,10198,0,10198,2472,1,943.3578783506583,10.810319428115564,0
1790,Chatham,370,0370,47,370,CHATHAM,North Carolina,47,370,0,370,0370,111,1494204.8022663,-69662.16362284,G3700370,3700370,2158850649.97,199411.638228,0,928.4558194309607,-254.62710857702837,-254.62710857702837,9161,0,9161,1558,1,833.536895924179,10.990515290679241,0
1790,Southwest Territory,465,0000,NA,NA,NA,Southwest Territory,0,0,0,465,0000,194,865078.87796293,-139468.12867305,G4650000,4650000,109977590790,2111824.76912,0,537.5350937791609,-139.03056652100858,-139.03056652100858,NA,NA,NA,NA,1,42462.58519531681,NA,NA
1790,Lunenburg,510,1110,40,1110,LUNENBURG,Virginia,40,1110,0,510,1110,250,1557711.37823193,83916.93570404,G5101110,5101110,1119857463.21,168612.89282,0,967.9169762536351,-193.34130583153205,-193.34130583153205,8959,0,8959,4332,1,432.3793838052486,20.720229353107396,0
1790,Culpeper,510,0470,40,470,CULPEPER,Virginia,40,470,0,510,0470,222,1535323.20304009,258815.28542365,G5100470,5100470,2514598658.21,304519.920681,0,954.005609142663,-83.9588026460814,-83.9588026460814,22105,0,22105,8226,1,970.891969802819,22.767723585652238,0
1790,Moore,370,1250,47,1250,MOORE,North Carolina,47,1250,0,370,1250,134,1485771.32422794,-111719.99476884,G3701250,3701250,2220760581.02,214675.966143,0,923.2154991275576,-268.22193786899044,-268.22193786899044,3870,0,3870,371,1,857.4404539377981,4.513432952955522,0
1790,Madison (old),510,1131,51,1510,MADISON,Virginia,51,1510,0,510,1131,251,1056369.99819608,58799.90623616,G5101131,5101131,5442232652.51,582019.147316,0,656.3978852228486,-84.88246912720189,-84.88246912720189,5772,0,5772,737,1,2101.2577744242917,2.746926184047756,0
1790,Tyrrell,370,1770,47,1770,TYRRELL,North Carolina,47,1770,0,370,1770,152,1754921.84447504,-5342.21554009,G3701770,3701770,2565109044.55,557656.26811,0,1090.4578787847968,-271.6700861841614,-220.60884077253073,4826,0,4826,1156,1,990.3941389975059,4.872807511648808,0
1790,Franklin,420,0550,14,550,FRANKLIN,Pennsylvania,14,550,0,420,0550,185,1539324.18543943,420947.26529539,G4200550,4200550,1957594148.76,212791.708842,1,956.4917043462615,14.578568784291841,14.578568784291841,15662,0,15662,326,0,755.8313263862977,20.721554470203728,0
1790,Frederick,240,0210,52,190,FREDERICK,Maryland,52,190,0,240,0210,28,1581596.49075405,381302.57530266,G2400210,2400210,2345884808.61,210170.285728,1,982.7584970982275,-14.60088460415177,-14.60088460415177,30791,0,30791,3641,1,905.7511882962534,33.99498714201948,0
1790,Indian Lands,130,1535,NA,NA,Indian Lands,Georgia,0,0,0,130,1535,17,892603.77753919,-433863.48381058,G1301535,1301535,258095168426,3426563.34177,0,554.6382734450746,-293.1718136507146,-293.1718136507146,NA,NA,NA,NA,1,99651.10163865471,NA,NA
1790,Liberty,130,1790,44,1790,LIBERTY,Georgia,44,1790,0,130,1790,166,1351959.68621429,-538012.02412266,G1301790,1301790,4376647696.91,980506.418295,0,840.0688020797853,-463.9103166910101,-463.9103166910101,5355,0,5355,4025,1,1689.833122956775,3.1689519676535407,0
1790,Hancock,250,0153,2,90,HANCOCK,Massachusetts,2,90,0,250,0153,44,2097703.97945437,1230349.26989588,G2500153,2500153,32737724755.6,3142848.61483,0,1303.452822674562,233.57025056646933,537.2088702529325,9542,0,9542,0,0,12640.106193905624,0.7548987210725047,0
1790,Brunswick,370,0190,47,190,BRUNSWICK,North Carolina,47,190,0,370,0190,106,1604823.98734275,-229486.08113778,G3700190,3700190,3443869288.31,555935.743874,0,997.1913943462366,-372.27538561738356,-372.27538561738356,3070,0,3070,1511,1,1329.6853659545277,2.30881686645936,0
1790,Somerset,240,0390,52,350,SOMERSET,Maryland,52,350,0,240,0390,34,1743574.80651594,267627.04690829,G2400390,2400390,1431079262.18,853366.97409,0,1083.4071562797885,-104.37352650883636,-58.035815941582264,15610,0,15610,7070,1,552.5427921730287,28.251205555698807,0
1790,Dinwiddie,510,0530,40,530,DINWIDDIE,Virginia,40,530,0,510,0530,224,1607882.14489803,108614.21306091,G5100530,5100530,1336502607.69,171520.137691,0,999.0916453524106,-184.02289027595938,-184.02289027595938,13934,2828,11106,7334,1,516.0265417267167,21.5221487693973,5.4803382603867785
1790,Cumberland,370,0510,47,510,CUMBERLAND,North Carolina,47,510,0,370,0510,114,1533302.55170727,-120669.25521845,G3700510,3700510,3891404423.98,304885.683837,0,952.7500346148928,-293.66840754611354,-293.66840754611354,8730,0,8730,2180,1,1502.479647860301,5.810394844570771,0
1790,Mercer (old),510,1177,51,1670,MERCER,Virginia,51,1670,0,510,1177,254,967900.94431134,94177.73468771,G5101177,5101177,1480093618.18,271173.919741,0,601.4257637343787,-54.21821271126763,-54.21821271126763,7091,0,7091,1339,1,571.4673408241966,12.408408133652978,0
1790,Pendleton,450,0755,48,755,PENDLETON,South Carolina,48,755,0,450,0755,196,1196625.7084248,-231445.86089394,G4500755,4500755,4800111468.24,359638.517332,0,743.5487431057624,-258.8099009234366,-258.8099009234366,9568,0,9568,834,1,1853.3333991318127,5.162589744771283,0
1790,Union,450,0870,48,870,UNION,South Carolina,48,870,0,450,0870,200,1302051.10726413,-210670.64798944,G4500870,4500870,1631483932.88,207987.233304,0,809.0570488746532,-260.29229126892704,-260.29229126892704,7693,0,7693,1215,1,629.9194681122868,12.212672237379838,0
1790,Jones,370,1030,47,1030,JONES,North Carolina,47,1030,0,370,1030,129,1676236.33287546,-112427.19393386,G3701030,3701030,1234143768.6,214806.115729,0,1041.5649686303611,-326.96092413135227,-294.8048429173933,4796,0,4796,1655,1,476.5055730081687,10.064939995817808,0
1790,James City,510,0950,40,950,JAMES CITY,Virginia,40,950,0,510,0950,242,1675920.95743561,150205.89198239,G5100950,5100950,403535919.158,157232.558871,0,1041.3690034172992,-167.00176685516453,-142.23766667852126,4070,0,4070,2405,1,155.8060894363137,26.12221393094926,0
1790,Grafton,330,0090,4,90,GRAFTON,New Hampshire,4,90,0,330,0090,53,1925223.17877747,1009307.24221929,G3300090,3300090,10222171000.9,682345.642206,0,1196.2782219199064,87.39452097517311,369.4785525796187,13468,0,13468,21,0,3946.8022884374836,3.412382738161405,0
1790,Plymouth,250,0230,3,230,PLYMOUTH,Massachusetts,3,230,0,250,0230,47,2049901.85803134,770690.02488312,G2500230,2500230,1726883117.1,373461.544728,0,1273.7499614944597,68.21996666236868,281.87474419492554,29512,4526,24986,0,0,666.7532990628172,37.47413028944905,6.788117893622285
1790,Montgomery,420,0910,14,910,MONTGOMERY,Pennsylvania,14,910,0,420,0910,77,1727245.55662697,492046.76164172,G4200910,4200910,1262498795.63,197274.457858,0,1073.2606308079378,21.37787211080689,27.175369916614336,22918,0,22918,113,0,487.4535101499812,47.01576565311535,0
1790,Robeson,370,1550,47,1550,ROBESON,North Carolina,47,1550,0,370,1550,145,1526286.91866539,-180334.27540319,G3701550,3701550,2829165775.68,277353.62601,0,948.3907223473601,-316.31469283639603,-316.31469283639603,5343,0,5343,533,1,1092.347012864461,4.8913027976238554,0
1790,Cumberland,420,0410,14,410,CUMBERLAND,Pennsylvania,14,410,0,420,0410,163,1569067.73392856,466916.45133019,G4200410,4200410,2866876209.16,281723.206203,0,974.9734885323212,39.09923045637588,39.09923045637588,18208,0,18208,223,0,1106.9070926306604,16.449438368605186,0
1790,Frederick,510,0690,40,690,FREDERICK,Virginia,40,690,0,510,0690,231,1517246.97798441,326998.90805381,G5100690,5100690,1835083140.22,253380.102232,0,942.7735636286649,-40.25629954878588,-40.25629954878588,19681,0,19681,4250,1,708.5295615437918,27.777246099820754,0
1790,Washington,420,1250,14,1250,WASHINGTON,Pennsylvania,14,1250,0,420,1250,81,1325776.97983112,398263.04692891,G4201250,4201250,3856588741.62,332440.914011,1,823.7996225984749,14.362832260743213,14.362832260743213,23892,0,23892,263,0,1489.0372377499768,16.045266964647723,0
1790,York,250,0275,2,310,YORK,Massachusetts,2,310,0,250,0275,51,1984821.29055861,1010269.1613577,G2500275,2500275,6883460912.8,801436.834653,0,1233.3107716924474,124.02817862676761,383.6689002568336,29078,0,29078,0,0,2657.7191166746343,10.940960546794988,0
1790,Erie Triangle (No Data),420,0495,NA,NA,Erie Triangle (No Data),Pennsylvania,0,0,0,420,0495,71,1308795.12550631,624428.80333894,G4200495,4200495,866481155.654,217706.86308,1,813.247587530267,11.916878464069582,104.34803408872747,NA,NA,NA,NA,0,334.5502445343624,NA,NA
1790,Richmond,130,2450,44,2450,RICHMOND,Georgia,44,2450,0,130,2450,18,1257632.3450545,-365308.5214253,G1302450,1302450,3107733770.68,364480.988644,0,781.4565096427489,-346.3653945810881,-346.3653945810881,11317,0,11317,4116,1,1199.9027170348022,9.431597944845523,0
1790,Hillsborough,330,0110,4,110,HILLSBOROUGH,New Hampshire,4,110,0,330,0110,54,1942528.19374428,871742.85014448,G3300110,3300110,3515671187.19,315703.400058,0,1207.031059701518,75.71487939543925,294.58801672149605,32883,0,32883,0,0,1357.4082340995421,24.224841999587138,0
1790,Halifax,510,0830,40,830,HALIFAX,Virginia,40,830,0,510,0830,175,1500910.1182227,52951.87866424,G5100830,5100830,2148570547.54,249900.231177,0,932.622309601117,-205.84664214344693,-205.84664214344693,14722,0,14722,5565,1,829.5677261859187,17.746592032560073,0
1790,Washington,440,0090,5,90,WASHINGTON,Rhode Island,5,90,0,440,0090,86,1998210.15321446,703472.42951931,G4400090,4400090,882801827.851,181717.985054,0,1241.6302252436149,17.686348315935284,229.6520895898715,18323,0,18323,344,0,340.85169129848776,53.756517769349536,0
1790,Bertie,370,0150,47,150,BERTIE,North Carolina,47,150,0,370,0150,104,1686514.26871815,8713.55691091,G3700150,3700150,1833032307.5,265645.013898,0,1047.9513818786722,-254.4049652693323,-220.56608767514612,12462,0,12462,5121,1,707.7377306037903,17.60821765058128,0
1790,New York,360,0610,13,610,NEW YORK,New York,13,610,0,360,0610,289,1827758.80460523,580081.65103884,G3600610,3600610,58741888.9201,89825.9054638,0,1135.716667539836,-21.504820745712887,-101.86791397535214,33111,33131,-20,2373,1,22.680370108911195,-0.8818198249834526,1460.7786310763383
1790,Isle Of Wight,510,0930,40,930,ISLE OF WIGHT,Virginia,40,930,0,510,0930,191,1689962.82818813,103680.00087765,G5100930,5100930,830480871.534,213399.373429,0,1050.094217388035,-197.0976112228941,-164.28551837065896,9028,0,9028,3867,1,320.65045712748906,28.155269388593172,0
1790,Indian Lands,370,0955,NA,NA,Indian Lands,North Carolina,0,0,0,370,0955,126,1143703.37316055,-162691.70391011,G3700955,3700955,11025531616.3,536786.07387,0,710.6643285466314,-215.25198929322406,-215.25198929322406,NA,NA,NA,NA,1,4256.981556131411,NA,NA
1790,Cumberland,250,0055,2,50,CUMBERLAND,Massachusetts,2,50,0,250,0055,168,2000565.33844538,1067946.95184602,G2500055,2500055,9814998055.87,1392945.57169,0,1243.0936694984914,141.7841266793347,420.41004745106346,25530,0,25530,0,0,3789.5919354613166,6.73687310792004,0
1790,Mecklenburg,510,1170,40,1170,MECKLENBURG,Virginia,40,1170,0,510,1170,253,1552603.84626129,52650.45920025,G5101170,5101170,1759359141,226738.482979,0,964.7433030236481,-211.84449043873224,-211.84449043873224,14733,0,14733,6762,1,679.2923619914833,21.688746737571467,0
1790,Rutland,500,0210,6,210,RUTLAND,Vermont,6,210,0,500,0210,206,1826201.42291014,904975.66757832,G5000210,5000210,2528504313,260427.614144,1,1134.7489554191893,10.165700365972768,290.38247630099755,15590,0,15590,0,0,976.260973133184,15.969090672513415,0
1790,Fauquier,510,0610,40,610,FAUQUIER,Virginia,40,610,0,510,0610,228,1556877.51838681,288257.893836,G5100610,5100610,1687167645.37,227598.216727,0,967.398839767514,-68.47993561004351,-68.47993561004351,17892,0,17892,6642,1,651.4190697003327,27.466190095157515,0
1790,Surry,510,1810,40,1810,SURRY,Virginia,40,1810,0,510,1810,178,1670118.86775392,124594.52295041,G5101810,5101810,729321140.486,160017.465431,0,1037.7637520343194,-181.85475705262715,-157.87191069835683,6227,0,6227,3097,1,281.592466612283,22.113517719114935,0
1790,Dutchess,360,0270,13,270,DUTCHESS,New York,13,270,0,360,0270,285,1822307.22091194,683495.18215135,G3600270,3600270,2776362187.28,250750.017792,1,1132.329210480755,-11.68058561930656,-157.327074883622,45276,0,45276,1864,1,1071.9594334044343,42.23667294592298,0
1790,Henry,510,0890,40,890,HENRY,Virginia,40,890,0,510,0890,241,1398120.7769635,24751.73994309,G5100890,5100890,2453878828.95,292041.355713,0,868.7519740735977,-171.3978981902272,-171.3978981902272,8479,0,8479,1551,1,947.4479126592041,8.949304639029677,0
1790,Middlesex,090,0070,1,70,MIDDLESEX,Connecticut,1,70,0,090,0070,165,1926154.52083003,683289.13367034,G0900070,0900070,932500428.697,199607.085852,1,1196.8569310414864,18.8715805199987,190.01057257591106,18828,0,18828,192,0,360.0404283616678,52.29412731696591,0
1790,Currituck,370,0530,47,530,CURRITUCK,North Carolina,47,530,0,370,0530,115,1776025.96754508,46469.41825824,G3700530,3700530,928194956.002,1351981.36011,0,1103.5713728979508,-242.94474861462257,-187.48803617260438,5220,0,5220,1103,1,358.3780760605827,14.565623146873458,0
1790,Fairfield,090,0010,1,10,FAIRFIELD,Connecticut,1,10,0,090,0010,1,1861788.50503769,645291.71590303,G0900010,0900010,1673889466.31,411293.875529,1,1156.861743069033,6.296314422897914,147.26013864324187,36290,0,36290,799,0,646.2923361037537,56.15106039904227,0
1790,Granville,370,0770,47,770,GRANVILLE,North Carolina,47,770,0,370,0770,121,1539883.99865273,7755.24765089,G3700770,3700770,1942457933.1,193566.214316,0,956.8395561500399,-237.82830297780092,-237.82830297780092,10982,0,10982,4163,1,749.9872008478078,14.642916555890048,0
1790,Anson,370,0070,47,70,ANSON,North Carolina,47,70,0,370,0070,102,1423262.38062052,-163331.25097949,G3700070,3700070,2138698859.82,219009.725031,0,884.3742423127187,-267.7030798381029,-267.7030798381029,5235,0,5235,829,1,825.7562462487697,6.339643234648799,0
1790,Burlington,340,0050,12,50,BURLINGTON,New Jersey,12,50,0,340,0050,57,1794690.64268195,468988.62850609,G3400050,3400050,2348529606.99,384720.573007,1,1115.1690643404704,-18.11839295178647,-41.02492077446789,18095,0,18095,227,1,906.7723506596809,19.95539452304187,0
1790,Abbeville,450,0010,48,10,ABBEVILLE,South Carolina,48,10,0,450,0010,87,1242307.21436506,-283841.6629906,G4500010,4500010,2528537573.96,216672.000411,0,771.9339149150585,-294.85892664024004,-294.85892664024004,9197,0,9197,1665,1,976.2738152616353,9.420512827679662,0
1790,Norfolk,510,1290,40,1290,NORFOLK,Virginia,40,1290,0,510,1290,260,1730644.27115317,91703.93435258,G5101290,5101290,1100563559.63,336150.087153,0,1075.372494105157,-209.55415949235575,-163.56256385896222,14524,2959,11565,5345,1,424.92996598630083,27.216249560457783,6.963500427963215
1790,Caroline,510,0330,40,330,CAROLINE,Virginia,40,330,0,510,0330,219,1611421.70050373,217725.6381599,G5100330,5100330,1395710281.21,229745.767483,0,1001.2910232391148,-117.89942794263739,-117.89942794263739,17489,0,17489,10292,1,538.8867522750651,32.453943108018834,0
1790,Montgomery,240,0310,52,290,MONTGOMERY,Maryland,52,290,0,240,0310,30,1599833.98157725,341355.43039278,G2400310,2400310,1364690298.44,184455.870021,0,994.0907485144568,-41.15529870325629,-41.15529870325629,18003,0,18003,6030,1,526.9098699696186,34.16713374725367,0
1790,Litchfield,090,0050,1,50,LITCHFIELD,Connecticut,1,50,0,090,0050,3,1860714.86956156,704199.94792113,G0900050,0900050,2656160553.17,236932.296583,1,1156.1946169132018,14.059618821913823,178.7352744512843,38635,0,38635,203,0,1025.549323014234,37.67249329992856,0
1790,Baltimore,240,0050,52,50,BALTIMORE,Maryland,52,50,0,240,0050,22,1632826.12557135,386325.26629596,G2400050,2400050,2302696521.36,484225.639353,1,1014.5911163625366,-17.921863103688956,-17.921863103688956,25434,0,25434,5877,1,889.0760973652773,28.6072250456087,0
1790,Territory outline (No Population),385,0000,NA,NA,Territory outline (No Population),Northwest Territory,0,0,0,385,0000,157,691348.29494564,604153.01611933,G3850000,3850000,711109632636,13268056.4306,1,429.58391428162037,280.71216588438824,254.48154680321446,NA,NA,NA,NA,0,274560.9641210853,NA,NA
1790,Windham,090,0150,1,150,WINDHAM,Connecticut,1,150,0,090,0150,7,1956879.14263953,728767.4677245,G0900150,0900150,1790216082.13,237143.025565,0,1215.9483259262965,33.80410287444653,223.98997695604905,28881,0,28881,184,0,691.2062935677935,41.783473716544435,0
1790,Charles,240,0170,52,150,CHARLES,Maryland,52,150,0,240,0170,26,1631206.97539096,276567.18654601,G2400170,2400170,1200018503.81,323399.127421,0,1013.5850230845363,-84.45769931105235,-84.45769931105235,20613,0,20613,10085,1,463.3297346119172,44.488834754508794,0
1790,Morris,340,0270,12,270,MORRIS,New Jersey,12,270,0,340,0270,64,1778616.32813903,578385.28449246,G3400270,3400270,1246520576.67,220698.692288,0,1105.180948348538,-26.304167956152376,-86.65019300598034,16216,0,16216,636,1,481.28428531986134,33.6931840382506,0
1790,Washington,130,3030,44,3030,WASHINGTON,Georgia,44,3030,0,130,3030,19,1254744.1077979,-460140.92958583,G1303030,1303030,9867459936.44,651566.574577,0,779.661842215151,-404.2395516759506,-404.2395516759506,4552,0,4552,694,1,3809.8475807905893,1.1947984541301269,0
1790,Russell,510,1670,40,1670,RUSSELL,Virginia,40,1670,0,510,1670,274,1196367.86289681,28275.32963455,G5101670,5101670,7510666018.64,513581.518666,0,743.3885253226222,-99.05740638765195,-99.05740638765195,3338,0,3338,190,1,2899.8843618883016,1.1510803823316642,0
1790,Rockingham,370,1570,47,1570,ROCKINGHAM,North Carolina,47,1570,0,370,1570,146,1434949.59655421,-895.03260146,G3701570,3701570,1482342453.86,156241.69684,0,891.6363416113708,-199.26664735275347,-199.26664735275347,6211,0,6211,1113,1,572.3356211344518,10.852024180652782,0
1790,Beaufort,370,0130,47,130,BEAUFORT,North Carolina,47,130,0,370,0130,103,1709139.22678806,-57519.65888255,G3700130,3700130,2036394596.41,786603.960339,0,1062.009879048892,-297.5778568503305,-257.00204981821537,5405,0,5405,1622,1,786.2563493180738,6.8743483021635345,0
1790,Berks,420,0110,14,110,BERKS,Pennsylvania,14,110,0,420,0110,160,1662340.90775458,512750.17101804,G4200110,4200110,3721680463.06,257468.275019,0,1032.9307517563554,45.75510917690261,52.71039524375495,30189,0,30189,60,0,1436.9488601927153,21.00909840030857,0
1790,Luzerne,420,0790,14,790,LUZERNE,Pennsylvania,14,790,0,420,0790,75,1637924.40875958,633027.2046677,G4200790,4200790,8928351378.57,478742.612721,1,1017.7590426655705,27.023372193433644,125.66022274616934,4892,0,4892,11,0,3447.2557394912988,1.419099820172291,0
1790,Windsor,500,0270,6,270,WINDSOR,Vermont,6,270,0,500,0270,173,1863790.13436185,910043.77272636,G5000270,5000270,2592380331.68,261918.234613,0,1158.1054978686036,32.695393762351046,299.1266578369727,15740,0,15740,0,0,1000.9236418246296,15.725475293306921,0
1790,Kent,240,0290,52,270,KENT,Maryland,52,270,0,240,0290,167,1694376.82173104,375764.89300987,G2400290,2400290,739797916.37,356756.248244,0,1052.836945818321,-32.23786446211675,-28.834210728192012,12836,0,12836,5433,1,285.6375723956608,44.93806571853849,0
1790,Warren,370,1850,47,1850,WARREN,North Carolina,47,1850,0,370,1850,154,1577764.04981736,24859.76383601,G3701850,3701850,1356197248.63,164457.750151,0,980.3771287042174,-231.7039198971911,-231.7039198971911,9379,0,9379,4713,1,523.6306851053691,17.91147896176612,0
1790,Hertford,370,0910,47,910,HERTFORD,North Carolina,47,910,0,370,0910,124,1679717.7578074,40811.62136194,G3700910,3700910,927917897.76,177086.06208,0,1043.7282257910056,-234.0183525976278,-203.00510847170708,5949,0,5949,2448,1,358.27110327530454,16.604744132625843,0
1790,Chittenden,500,0070,6,70,CHITTENDEN,Vermont,6,70,0,500,0070,204,1815664.17100062,1022403.14954624,G5000070,5000070,6968883135.81,367688.94405500003,1,1128.2014106372658,25.545375462514365,361.01636929232524,7287,0,7287,0,0,2690.70082136629,2.7082163658387675,0
1790,Augusta,510,0150,40,150,AUGUSTA,Virginia,40,150,0,510,0150,212,1427027.56522979,207860.15340983,G5100150,5100150,5855024622,411764.919363,0,886.7138195623745,-102.90752735297077,-102.90752735297077,10886,0,10886,1567,1,2260.637644873368,4.815455508620352,0
1790,Barnstable,250,0010,3,10,BARNSTABLE,Massachusetts,3,10,0,250,0010,38,2096905.99989289,758789.9040393,G2500010,2500010,1087060716.27,640968.243336,0,1302.9569811630638,81.22547668616853,298.18539825174776,17342,0,17342,0,0,419.7164890185442,41.31836716863841,0
1790,Orange,500,0170,6,170,ORANGE,Vermont,6,170,0,500,0170,205,1875248.82571514,1011709.7453294,G5000170,5000170,7037552156.36,492958.375493,0,1165.225598576277,57.0786381594292,361.94506894719575,10526,0,10526,0,0,2717.21407842564,3.873820647248666,0
1790,Westmoreland,510,1930,40,1930,WESTMORELAND,Virginia,40,1930,0,510,1930,282,1655691.99635814,236255.05548978,G5101930,5101930,608204479.275,337839.362925,0,1028.799309754869,-112.09407610316296,-108.78349729062997,7722,0,7722,4425,1,234.82906228326175,32.88349374186643,0
1790,Queen Annes,240,0350,52,330,QUEEN ANNES,Maryland,52,330,0,240,0350,32,1700577.5669317,355557.09780823,G2400350,2400350,977359136.696,503905.355266,0,1056.689910256415,-45.31731534048329,-36.10354705290356,15463,0,15463,6674,1,377.36047234950695,40.976734801408526,0
1790,Allegany,240,0010,52,10,ALLEGANY,Maryland,52,10,0,240,0010,21,1435679.80666548,359914.20360494,G2400010,2400010,2811984958.86,397153.041137,1,892.0900731387943,-10.949516090840682,-10.949516090840682,4809,0,4809,258,1,1085.7134624047367,4.4293454640864365,0
1790,Middlesex,510,1190,40,1190,MIDDLESEX,Virginia,40,1190,0,510,1190,255,1686185.16794011,187894.14363504,G5101190,5101190,344304245.997,219361.901622,0,1047.7468881358552,-145.38598286124497,-118.9704399842234,4140,0,4140,2558,1,132.93661257477095,31.142662053852423,0
1790,Dauphin,420,0430,14,430,DAUPHIN,Pennsylvania,14,430,0,420,0430,164,1616030.45733841,490152.31406313,G4200430,4200430,2298651365.93,232219.691107,0,1004.1547719682119,47.365141900726826,47.365141900726826,18155,0,18155,210,0,887.5142541221144,20.456009484555306,0
1790,Lincoln,510,1055,51,1370,LINCOLN,Virginia,51,1370,0,510,1055,248,843283.14385893,-10255.86527585,G5101055,5101055,44446412172.6,2050639.86706,1,523.9918524932705,-57.97934803839355,-57.97934803839355,6548,0,6548,1094,1,17160.855679308097,0.38156605488474143,0
1790,Gates,370,0730,47,730,GATES,North Carolina,47,730,0,370,0730,120,1702327.82261087,55252.95253881,G3700730,3700730,893838902.776,135446.58274,0,1057.777468714501,-228.12481580525176,-190.03730760801471,5386,0,5386,2217,1,345.113129751025,15.606476646905966,0
1790,Rockbridge,510,1630,40,1630,ROCKBRIDGE,Virginia,40,1630,0,510,1630,272,1436210.03123794,160798.04367543,G5101630,5101630,1565904920.08,187283.809869,0,892.41953941353745,-132.7012519494198,-132.7012519494198,6548,0,6548,682,1,604.599269715124,10.830314107202438,0
1790,Burke,130,0330,44,330,BURKE,Georgia,44,330,0,130,0330,180,1293889.19849835,-407562.24698991,G1300330,1300330,4411427257.89,417835.414091,0,803.9854738939282,-376.5681702479976,-376.5681702479976,9467,0,9467,2392,1,1703.261586524312,5.558159753557543,0
1790,Pendelton,510,1415,40,1415,PENDLETON,Virginia,40,1415,0,510,1415,264,1427465.13701179,257682.16285076,G5101415,5101415,1808217096.76,197644.773164,0,886.9857140622452,-72.50791284558402,-72.50791284558402,2452,0,2452,73,1,698.1565241723906,3.512106404658543,0
1790,Amelia,510,0070,40,70,AMELIA,Virginia,40,70,0,510,0070,210,1571267.71429849,120646.25020217,G5100070,5100070,1747328250.42,238391.233445,0,976.3404929576833,-172.4904322125419,-172.4904322125419,18097,0,18097,11307,1,674.6472091693573,26.824390220603572,0
1790,Strafford,330,0170,4,170,STRAFFORD,New Hampshire,4,170,0,330,0170,169,1969377.04610237,938805.39760797,G3300170,3300170,3999569802.53,408985.713406,0,1223.7141631014686,100.66861648750472,339.3536517222301,23611,0,23611,21,0,1544.2425339980168,15.289696715496843,0
1790,Queens,360,0810,13,810,QUEENS,New York,13,810,0,360,0810,291,1854604.81057714,581109.29105453,G3600810,3600810,1041509711.47,770809.042245,1,1152.3980022774124,-15.523799298591484,-112.87734098502094,16013,0,16013,2308,1,402.129147741487,39.82054046550768,0
1790,Worcester,250,0270,3,270,WORCESTER,Massachusetts,3,270,0,250,0270,50,1951459.74819061,792101.34540182,G2500270,2500270,4036263230.32,351492.91947,0,1212.5808703363668,72.32445525128725,254.12629816651244,56764,0,56764,0,0,1558.4099456720571,36.42430552862057,0
1790,Salem,340,0330,12,330,SALEM,New Jersey,12,330,0,340,0330,65,1743797.75466118,424155.44672031,G3400330,3400330,902475628.327,189070.294703,1,1083.5456898346035,-15.232189971319256,-9.860086061863155,10437,0,10437,172,1,348.4477881290048,29.95283757156737,0
1790,Nantucket,250,0190,3,190,NANTUCKET,Massachusetts,3,190,0,250,0190,46,2128222.35639456,715485.20300042,G2500190,2500190,128521985.681,130379.05548,0,1322.416062939036,85.28857378996281,297.3271857153839,4555,4620,-65,0,0,49.62261609159541,-1.3098866025124591,93.10270928627018
1790,King George,510,0990,40,990,KING GEORGE,Virginia,40,990,0,510,0990,245,1622199.24889777,247968.09629033,G5100990,5100990,477588273.733,152320.969201,0,1007.987881334115,-100.78360154529261,-100.78360154529261,7366,0,7366,4157,1,184.39786338287178,39.9462329165155,0
1790,Prince William,510,1530,40,1530,PRINCE WILLIAM,Virginia,40,1530,0,510,1530,193,1585264.14390538,290044.87856915,G5101530,5101530,917125584.859,200056.329025,0,985.0374711095825,-70.65977134852956,-70.65977134852956,11615,0,11615,4704,1,354.10416796856293,32.80108242338218,0
1790,St Marys,240,0370,52,370,ST MARYS,Maryland,52,370,0,240,0370,33,1668177.66081243,260808.32034196,G2400370,2400370,950234489.015,485297.02953,0,1036.5575419627066,-98.75904147439265,-92.56802224919261,15544,0,15544,6985,1,366.88758733016954,42.36720057256023,0
1790,Spotsylvania,510,1770,40,1770,SPOTSYLVANIA,Virginia,40,1770,0,510,1770,277,1581942.41382654,230314.4070836,G5101770,5101770,1095025655.53,169446.013034,0,982.9734437302031,-106.72239083644241,-106.72239083644241,11252,0,11252,5933,1,422.7917692594897,26.613573910645485,0
1790,Allegheny,420,0030,14,30,ALLEGHENY,Pennsylvania,14,30,0,420,0030,158,1325251.74028196,532548.53859122,G4200030,4200030,14978931835,746677.550212,1,823.4732538736031,50.97117313003476,50.97117313003476,10203,0,10203,159,0,5783.397914153659,1.7641877926176042,0
1790,Ulster,360,1110,13,1110,ULSTER,New York,13,1110,0,360,1110,99,1751900.42395712,689513.67440569,G3601110,3601110,9353676908.45,448623.719931,1,1088.5804551153265,-26.740202348011717,-150.7358843099542,29370,0,29370,2914,1,3611.4748446611766,8.132411622198479,0
1790,Nelson (old),510,1255,51,1790,NELSON,Virginia,51,1790,0,510,1255,258,862299.01443371,58704.48157697,G5101255,5101255,16267265513.7,1010833.66774,1,535.8077666637524,-23.653390541920626,-23.653390541920626,11315,0,11315,1248,1,6280.826328422659,1.801514547344856,0
1790,Sumter,450,0850,48,240,CLAREMONT,South Carolina,48,240,0,450,0850,199,1428199.88569185,-270946.84040366,G4500850,4500850,2757346937.49,308361.081186,0,887.4422657255689,-326.3102946687979,-326.3102946687979,4548,0,4548,2110,1,1064.6176044152912,4.271956410581667,0
1790,Caroline,240,0110,52,90,CAROLINE,Maryland,52,90,0,240,0110,24,1720529.79946153,337189.46570779,G2400110,2400110,835527164.077,176534.948264,0,1069.0876527712721,-59.09091725522437,-36.1237109200559,9506,0,9506,2057,1,322.598841570978,29.466937803335217,0
1790,Spartanburg,450,0830,48,830,SPARTANBURG,South Carolina,48,830,0,450,0830,198,1269080.51438144,-190488.06629021,G4500830,4500830,2632781129.47,236430.562643,0,788.5700722663644,-242.04916832370142,-242.04916832370142,8800,0,8800,866,1,1016.5224770581855,8.656965486358144,0
1790,Sussex,340,0370,12,370,SUSSEX,New Jersey,12,370,0,340,0370,67,1752568.81643322,591223.65727979,G3400370,3400370,2327724270.21,274335.689536,1,1088.9957749450832,-9.076585155364,-90.25972522582127,19500,0,19500,439,1,898.7393652197204,21.697057850840565,0
1790,Berkshire,250,0030,3,30,BERKSHIRE,Massachusetts,3,30,0,250,0030,39,1847538.2061476,768849.53082178,G2500030,2500030,2495971708.06,244242.118185,1,1148.0070178579595,9.77793546858974,212.50870577225794,30263,0,30263,0,0,963.7000641428414,31.40292413170823,0
1790,Orangeburg,450,0750,48,750,ORANGEBURG,South Carolina,48,750,0,450,0750,98,1360532.31305432,-340725.58176747,G4500750,4500750,11236409344.1,563589.751954,0,845.3955854399804,-348.68814196515655,-348.68814196515655,18513,0,18513,5931,1,4338.401902023518,4.2672395084847174,0
1790,Harrison,510,0857,40,865,HARRISON,Virginia,40,865,0,510,0857,239,1296365.58905471,281414.39460673,G5100857,5100857,7873232931.94,603960.707186,1,805.5242316463789,-30.259415726845223,-30.259415726845223,2080,0,2080,67,1,3039.872229729503,0.6842392846837134,0
1790,Accomack,510,0010,40,10,ACCOMACK,Virginia,40,10,0,510,0010,208,1762470.81910372,219175.16784412,G5100010,5100010,1198951623.3,1470574.40096,0,1095.1485941499889,-136.44041946950912,-81.93481641567641,13959,0,13959,4262,1,462.9178097440994,30.154380985506965,0
1790,Martin,370,1170,47,1170,MARTIN,North Carolina,47,1170,0,370,1170,131,1680073.79974018,-18164.30642338,G3701170,3701170,1200434917.96,228175.33428,0,1043.9494599912634,-269.99505871602145,-237.70634095219827,6010,0,6010,1829,1,463.49051301407985,12.966824198659335,0
1790,Cecil,240,0150,52,130,CECIL,Maryland,52,130,0,240,0150,25,1694801.86451046,412105.87459107,G2400150,2400150,929932180.276,297447.002249,1,1053.1010551569211,-10.214726015256982,-10.214726015256982,13625,0,13625,3407,1,359.04882210264645,37.94748558207169,0
1790,Montgomery,510,1210,40,1210,MONTGOMERY,Virginia,40,1210,0,510,1210,192,1266363.24068296,104883.64966725,G5101210,5101210,22950795527.9,991885.554298,1,786.8816366687048,-76.64741410694201,-76.64741410694201,13228,0,13228,828,1,8861.351693588504,1.492774517636053,0
1790,Kent,440,0030,5,30,KENT,Rhode Island,5,30,0,440,0030,171,1995097.03913537,725031.34591879,G4400030,4400030,452125645.217,144327.037133,0,1239.6958258367197,30.255556986185947,237.8160826049197,8851,0,8851,63,0,174.56668755067975,50.702686315396804,0
1790,Prince Georges,240,0330,52,310,PRINCE GEORGES,Maryland,52,310,0,240,0330,31,1635162.05288402,315102.61569622,G2400330,2400330,1372629238.06,269336.78942,0,1016.0425943017899,-61.52566046905259,-61.52566046905259,21344,0,21344,11176,1,529.9751116934387,40.2735893234668,0
1790,Lancaster,450,0570,48,570,LANCASTER,South Carolina,48,570,0,450,0570,172,1394029.77897386,-217966.24526976,G4500570,4500570,2562112787.36,280377.439137,0,866.2099457753345,-287.25817810091087,-287.25817810091087,6302,0,6302,1370,1,989.2372776288986,6.370564618334294,0
1790,Essex,340,0130,12,130,ESSEX,New Jersey,12,130,0,340,0130,59,1804347.77752815,571056.84319986,G3400130,3400130,670800584.806,177927.69795,0,1121.1697297334504,-35.471202556042215,-89.24694009994982,17785,0,17785,1171,1,258.9975537451316,68.66860224286697,0
1790,Clinton,360,0190,13,190,CLINTON,New York,13,190,0,360,0190,69,1744501.85782038,977093.69264075,G3600190,3600190,10306562729.9,443922.763818,1,1083.9831992540935,-25.080237758638134,-328.7598092370728,1615,0,1615,16,1,3979.386117167513,0.40584149224241167,0
1790,Fluvanna,510,0650,40,650,FLUVANNA,Virginia,40,650,0,510,0650,190,1535894.81895937,181938.58213711,G5100650,5100650,751629422.037,109904.830672,0,954.360794807928,-130.9787036607839,-130.9787036607839,3921,0,3921,1466,1,290.20574227249665,13.511104119773997,0
1790,Woodford,510,1955,51,2390,WOODFORD,Virginia,51,2390,0,510,1955,283,973583.65560567,177587.52470254,G5101955,5101955,5103720678.59,541235.163919,1,604.9568368264771,-16.466345795770586,-16.466345795770586,9210,0,9210,2220,1,1970.5575706013153,4.6738040732246,0
1790,Southampton,510,1750,40,1750,SOUTHAMPTON,Virginia,40,1750,0,510,1750,276,1661130.0792946,78273.74316981,G5101750,5101750,1581847265.02,237359.800783,0,1032.1783778325828,-208.92684257625206,-186.03662636267197,12864,0,12864,5993,1,610.7546435086863,21.06246777936621,0
1790,Hardy,510,0853,40,855,HARDY,Virginia,40,855,0,510,0853,238,1449009.03615158,303767.02097972,G5100853,5100853,2754969693.51,295751.986992,0,900.3724723561775,-46.739571253658,-46.739571253658,7336,0,7336,369,1,1063.6997453832314,6.896683045982092,0
1790,Sampson,370,1630,47,1630,SAMPSON,North Carolina,47,1630,0,370,1630,149,1584556.77765707,-128748.90068465,G3701630,3701630,2139490060.63,211537.353396,0,984.5979341005217,-321.386408086054,-321.386408086054,6162,0,6162,1177,1,826.0617305893513,7.459490945796192,0
1790,Northampton,420,0950,14,950,NORTHAMPTON,Pennsylvania,14,950,0,420,0950,78,1704411.50466327,592670.51788468,G4200950,4200950,8273369416.59,565878.531732,1,1059.0722087156444,15.992598221987725,90.45978645662933,24238,0,24238,20,0,3194.3657901644547,7.587734652878361,0
1790,Gloucester,340,0150,12,150,GLOUCESTER,New Jersey,12,150,0,340,0150,60,1783257.65902135,436057.97950111,G3400150,3400150,2917610076.11,807497.621106,1,1108.0649376524534,-23.83885680423677,-31.958719800924676,13363,0,13363,191,1,1126.4955481712607,11.862452560681072,0
1790,Duplin,370,0610,47,610,DUPLIN,North Carolina,47,610,0,370,0610,117,1626405.29751507,-133016.22612318,G3700610,3700610,2018936088.02,204085.215558,0,1010.6013987780549,-333.73395058832676,-315.8861035958908,5663,0,5663,1386,1,779.5155815437633,7.264768189475978,0
1790,Randolph,510,1557,40,1567,RANDOLPH,Virginia,40,1567,0,510,1557,270,1370542.25078101,262598.7349246,G5101557,5101557,7063390404.19,570697.879566,0,851.6154723794352,-63.39857186853725,-63.39857186853725,951,0,951,19,1,2727.190281685758,0.34871054153660247,0
1790,York,450,0910,48,910,YORK,South Carolina,48,910,0,450,0910,202,1334448.6137514,-177146.95353843,G4500910,4500910,2130473906.23,234311.413876,0,829.187926106165,-248.3502877393904,-248.3502877393904,6604,0,6604,923,1,822.5805739137593,8.028392852239147,0
1790,Franklin,130,1190,44,1190,FRANKLIN,Georgia,44,1190,0,130,1190,14,1149522.37802426,-294059.72316509,G1301190,1301190,4266428187.17,371765.946015,0,714.2800905364297,-296.728995279053,-296.728995279053,1041,0,1041,156,1,1647.277132332671,0.6319519524476516,0
1790,Sussex,510,1830,40,1830,SUSSEX,Virginia,40,1830,0,510,1830,279,1642821.53985265,97357.87863073,G5101830,5101830,1292549232.25,185443.886455,0,1020.8019788514139,-195.0571168612435,-180.97090729066755,10549,0,10549,5387,1,499.05604859410613,21.13790631276317,0
1790,Charleston,450,0190,48,190,CHARLESTON,South Carolina,48,190,0,450,0190,89,1457790.59872665,-381040.67666028,G4500190,4500190,10238205152.8,1993455.50561,0,905.8290823631554,-395.5263676617228,-395.5263676617228,66985,16359,50626,50633,1,3952.993109096471,12.807004364237685,4.1383831310900385
1790,Northumberland,510,1330,40,1330,NORTHUMBERLAND,Virginia,40,1330,0,510,1330,177,1693439.65432273,218423.72370358,G5101330,5101330,508121917.768,533417.13267,0,1052.2546169884934,-127.73935757897998,-100.86806346143347,9163,0,9163,4460,1,196.18696925295197,46.7054465181414,0
1790,Stafford,510,1790,40,1790,STAFFORD,Virginia,40,1790,0,510,1790,278,1593260.32987639,259160.67648988,G5101790,5101790,709970985.18,169741.416839,0,990.0060707197405,-90.45024030621462,-90.45024030621462,9588,0,9588,4036,1,274.1213298805048,34.9772124780644,0
1790,Monongalia,510,1193,40,1195,MONONGALIA,Virginia,40,1195,0,510,1193,256,1363365.69595799,342540.82687145,G5101193,5101193,3456082258.46,315546.031855,1,847.1561679528987,-13.665949398338453,-13.665949398338453,4768,0,4768,154,1,1334.4008200916571,3.5731392908410355,0
1790,Westmoreland,420,1290,14,1290,WESTMORELAND,Pennsylvania,14,1290,0,420,1290,82,1392629.8686497,452495.15258446,G4201290,4201290,4878499118.1,347336.765706,0,865.3400818281858,50.456876121424365,50.456876121424365,16019,0,16019,128,0,1883.5990399458285,8.504463880200692,0
1790,Bourbon,510,0231,51,170,BOURBON,Virginia,51,170,0,510,0231,216,1083713.43919132,97332.65653776,G5100231,5100231,11202998331.5,1026532.76071,0,673.388311753932,-61.62109477279102,-61.62109477279102,7837,0,7837,908,1,4325.501837939569,1.8118128933065292,0
1790,Fairfax,510,0590,40,590,FAIRFAX,Virginia,40,590,0,510,0590,227,1605635.43807491,305890.06975716,G5100590,5100590,832224951.662,176085.23554,0,997.6956064551208,-63.46650372191983,-63.46650372191983,12320,2748,9572,4574,1,321.3238502295808,29.789260875471765,8.55211960779319
1790,Montgomery,370,1230,47,1230,MONTGOMERY,North Carolina,47,1230,0,370,1230,133,1430088.16955409,-123579.71082339,G3701230,3701230,2346259569.9,244493.523294,0,888.6155909203314,-250.4404219722548,-250.4404219722548,5039,0,5039,837,1,905.8958844392606,5.562449379179026,0
1790,Baltimore City,240,5100,52,5100,BALTIMORE CITY,Maryland,52,5100,0,240,5100,37,1645559.14267817,369551.33351023,G2405100,2405100,35542022.552,53275.1949926,0,1022.5030463829796,-29.74399929486211,-29.74399929486211,13503,13503,0,1255,1,13.722851626291488,0,983.979158830933
1790,Nash,370,1270,47,1270,NASH,North Carolina,47,1270,0,370,1270,135,1600350.5740049,-23633.27714729,G3701270,3701270,1620436973.34,210312.325572,0,994.4117441671265,-263.9407390960986,-259.564577985716,7390,0,7390,2008,1,625.6542131885617,11.811636274832816,0
1790,Suffolk,360,1030,13,1030,SUFFOLK,New York,13,1030,0,360,1030,195,1915374.55605398,612931.05087421,G3601030,3601030,2416189172.24,1329778.20942,1,1190.1585714763157,-16.138058179996843,-153.62005730195074,16546,0,16546,1105,1,932.8958548487493,17.736170563950687,0
1790,York,510,1990,40,1990,YORK,Virginia,40,1990,0,510,1990,284,1698686.92103852,143579.22809613,G5101990,5101990,326658165.112,339943.52634,0,1055.5151173636712,-173.93498990355803,-139.3853169921408,5233,0,5233,2760,1,126.12342265525787,41.49110363349187,0
1790,Pittsylvania,510,1430,40,1430,PITTSYLVANIA,Virginia,40,1430,0,510,1430,265,1459908.53401898,50629.67370738,G5101430,5101430,2647271193.23,248471.183258,0,907.1451063408321,-195.0541375861014,-195.0541375861014,11579,0,11579,2979,1,1022.1171219533392,11.328447348452299,0
1790,Warwick,510,1890,40,1875,WARWICK,Virginia,40,1875,0,510,1890,280,1703003.83965607,130967.9903964,G5101890,5101890,179213075.178,128103.744996,0,1058.1975262318497,-182.15793355301207,-145.52112592498042,1690,0,1690,990,1,69.19455516525542,24.423887052439607,0
1790,Botetourt,510,0230,40,230,BOTETOURT,Virginia,40,230,0,510,0230,215,1389564.36308594,115100.29418208,G5100230,5100230,6223462453.03,485555.449957,0,863.4352649812222,-135.86344629537686,-135.86344629537686,10524,0,10524,1259,1,2402.892286722748,4.379721911860416,0
1790,Powhatan,510,1450,40,1450,POWHATAN,Virginia,40,1450,0,510,1450,266,1572978.97857076,155884.01931454,G5101450,5101450,671921984.57,143122.078095,0,977.4038232787769,-151.17592836582745,-151.17592836582745,6822,0,6822,4325,1,259.430528614601,26.296057123386873,0
1790,Calvert,240,0090,52,70,CALVERT,Maryland,52,70,0,240,0090,23,1665905.81697916,288899.64006857,G2400090,2400090,565138384.588,221133.892223,0,1035.1458836514505,-81.37297812705943,-81.36910022612365,8652,0,8652,4305,1,218.20115016461773,39.65148668314838,0
1790,Marlboro,450,0690,48,690,MARLBORO,South Carolina,48,690,0,450,0690,187,1454352.39719654,-214496.81305766,G4500690,4500690,5550678043.7,372846.914461,0,903.6926829792386,-304.84464240809706,-304.84464240809706,10706,0,10706,3229,1,2143.1287740467305,4.995500097637417,0
1790,Orange,510,1370,40,1370,ORANGE,Virginia,40,1370,0,510,1370,263,1537520.76034411,230246.26511311,G5101370,5101370,1295959700.63,264798.753487,0,955.3711079446718,-101.66596771463031,-101.66596771463031,9921,0,9921,4421,1,500.37283779726494,19.82721532942136,0
1790,Cape May,340,0090,12,90,CAPE MAY,New Jersey,12,90,0,340,0090,58,1800160.56262177,385437.84366707,G3400090,3400090,623631471.018,530216.308554,0,1118.567915014919,-54.82906756424364,-20.209698686811578,2571,0,2571,141,1,240.78545709505053,10.677555160588842,0
1790,Wayne,370,1910,47,1910,WAYNE,North Carolina,47,1910,0,370,1910,155,1611282.94045139,-83152.44853368,G3701910,3701910,1593358463.67,208877.548721,0,1001.2048017399575,-301.5419858604456,-290.25144784697125,6115,0,6115,1546,1,615.1991421548622,9.93987081740873,0
1790,Carteret,370,0310,47,310,CARTERET,North Carolina,47,310,0,370,0310,109,1740470.48900995,-123060.18749911,G3700310,3700310,1211361519.2,1474561.6309,0,1081.4782228100082,-341.4294339414432,-294.2945460209367,3734,0,3734,709,1,467.7092973383764,7.983591562642256,0
1790,Dukes,250,0070,3,70,DUKES,Massachusetts,3,70,0,250,0070,41,2077981.48027081,715185.04944343,G2500070,2500070,288953611.844,260502.021024,0,1291.1978298429733,56.31452717746261,271.94456552859435,3255,0,3255,0,0,111.56561325160443,29.175656415380207,0
1790,Bedford,510,0190,40,190,BEDFORD,Virginia,40,190,0,510,0190,213,1439467.60199033,104578.04981316,G5100190,5100190,2037984666.45,256868.468228,0,894.4437000357475,-164.8086968014939,-164.8086968014939,10531,0,10531,2754,1,786.8702787927515,13.383400394988982,0
1790,Essex,250,0090,3,90,ESSEX,Massachusetts,3,90,0,250,0090,42,2016882.12813259,846632.42865947,G2500090,2500090,1339813136.34,466666.648706,0,1253.2324525599188,106.85839292875315,304.9490360511481,57879,23736,34143,0,0,517.3047439843982,66.0017144575611,45.88397898147996
1790,Columbia,360,0210,13,210,COLUMBIA,New York,13,210,0,360,0210,70,1816678.52173465,746867.82121815,G3600210,3600210,1678118858.16,183065.998861,1,1128.831698962217,-9.030828973435993,-193.59248160660144,27496,2584,24912,1633,1,647.9253134263605,38.448875948773,3.9881139792722156
1790,Newport,440,0050,5,50,NEWPORT,Rhode Island,5,50,0,440,0050,186,2026067.7874865,717484.72369026,G4400050,4400050,343838004.872,302463.701282,0,1258.9401566641438,32.24979588935172,248.22088428123985,14351,6716,7635,372,0,132.7565958700072,57.51126676580387,50.588823523135396
1790,Bristol,250,0050,3,50,BRISTOL,Massachusetts,3,50,0,250,0050,40,2028971.56335003,749369.053169,G2500050,2500050,1506544944.37,440084.716977,0,1260.7444793344555,50.59378153081526,263.30976926665915,31696,0,31696,0,0,581.6802549624659,54.49041759556588,0
1790,Guilford,370,0810,47,810,GUILFORD,North Carolina,47,810,0,370,0810,122,1439758.32721929,-36063.94364353,G3700810,3700810,1703451611.31,166229.343883,0,894.6243483178798,-215.30898099263825,-215.30898099263825,7300,0,7300,616,1,657.7063440993984,11.099178327063179,0
1790,Suffolk,250,0250,3,250,SUFFOLK,Massachusetts,3,250,0,250,0250,48,2013551.06825024,789136.19695478,G2500250,2500250,1266406669.02,439532.73364,0,1251.1626279094091,71.66663632104361,275.30292581675167,44865,18320,26545,0,0,488.96234850117077,54.28843362146204,37.467097530427
1790,Sussex,100,0050,11,50,SUSSEX,Delaware,11,50,0,100,0050,10,1762041.35410206,321920.3469785,G1000050,1000050,2461099202.75,390727.974419,0,1094.8817369698834,-76.50225787249335,-24.32320119712752,20488,0,20488,4025,1,950.2357145688675,21.560966069661603,0
1790,Perquimans,370,1430,47,1430,PERQUIMANS,North Carolina,47,1430,0,370,1430,141,1730258.69780891,33796.16495234,G3701430,3701430,642382356.915,193974.094231,0,1075.1329099365394,-244.71565794592593,-198.79042574092233,5439,0,5439,1883,1,248.02521461446534,21.929222028713795,0
1790,Pitt,370,1470,47,1470,PITT,North Carolina,47,1470,0,370,1470,142,1662787.60996989,-49982.58734405,G3701470,3701470,1641737449.22,224241.322331,0,1033.2083196444576,-287.27504107752515,-259.78765723007615,8270,0,8270,2364,1,633.878372903811,13.046666921470983,0
1790,Jefferson (old),510,0955,51,1110,JEFFERSON,Virginia,51,1110,0,510,0955,243,920092.57601391,139523.30789929,G5100955,5100955,4865539997.2,444319.547761,1,571.719020926483,-14.835221052996122,-14.835221052996122,4765,0,4765,903,1,1878.5954953935257,2.5364694058322725,0
1790,Beaufort,450,0130,48,130,BEAUFORT,South Carolina,48,130,0,450,0130,88,1396838.97873842,-444421.34662692,G4500130,4500130,4895580860.87,2161912.04069,0,867.955501582272,-416.9373825300522,-416.9373825300522,18753,0,18753,14236,1,1890.194337700992,9.921202082749291,0
1790,Franklin,370,0690,47,690,FRANKLIN,North Carolina,47,690,0,370,0690,119,1572937.45887888,-11133.24557361,G3700690,3700690,1220306276.12,162506.754339,0,977.3780241383321,-253.1348173084222,-253.1348173084222,7502,0,7502,2701,1,471.16288729282587,15.92230670608302,0
1790,Richmond,360,0850,13,850,RICHMOND,New York,13,850,0,360,0850,292,1817708.90070715,555133.13065329,G3600850,3600850,152308395.516,79066.2433707,0,1129.4719467728155,-37.99079240807422,-85.72109571892273,3827,0,3827,755,1,58.80660027286417,65.07772906855045,0
1790,Essex,510,0570,40,570,ESSEX,Virginia,40,570,0,510,0570,226,1647069.69705807,215231.34840875,G5100570,5100570,685739676.023,193983.580876,0,1023.4416613589574,-123.78689420714534,-121.74929994749196,9122,0,9122,5440,1,264.7655691106778,34.4531202853903,0
1790,Cheshire,330,0050,4,50,CHESHIRE,New Hampshire,4,50,0,330,0050,52,1903763.87652416,867535.48478296,G3300050,3300050,3328440818.45,306950.306976,0,1182.944029694186,51.58816802047081,282.2925959856346,28753,0,28753,18,0,1285.11818458433,22.373817711792885,0
1790,Brunswick,510,0250,40,250,BRUNSWICK,Virginia,40,250,0,510,0250,189,1594625.53801689,70263.09362858,G5100250,5100250,1474672369.67,166203.214126,0,990.854371729655,-205.9436905596201,-205.9436905596201,12827,0,12827,6776,1,569.3741850724906,22.528243001334726,0
1790,Iredell,370,0970,47,970,IREDELL,North Carolina,47,970,0,370,0970,127,1345928.52660965,-80252.5206945,G3700970,3700970,1817265003.23,200309.139153,0,836.3212132456765,-198.1431966999259,-198.1431966999259,5430,0,5430,868,1,701.6499403907478,7.7389018190125425,0
1790,Bedford,420,0090,14,90,BEDFORD,Pennsylvania,14,90,0,420,0090,159,1458102.66837598,419115.90789017,G4200090,4200090,8009153965,418031.951052,1,906.0229934532207,22.73048855509061,22.73048855509061,13132,0,13132,46,0,3092.3516339852886,4.246606322411028,0
1790,Onslow,370,1330,47,1330,ONSLOW,North Carolina,47,1330,0,370,1330,138,1675585.3839419,-145184.88704027,G3701330,3701330,1993173331.89,723453.401514,0,1041.1604877154293,-346.84923051366934,-314.6811013045409,5427,0,5427,1747,1,769.5685257919678,7.052003581377033,0
1790,Dobbs,370,0595,47,790,DOBBS/GREENE,North Carolina,47,790,0,370,0595,116,1640724.76686399,-84409.07625191,G3700595,3700595,1696711651.01,174755.615404,0,1019.4991045195993,-305.6626203651643,-284.4338495789944,6994,0,6994,2012,1,655.104030879078,10.676166944988594,0
1790,Rutherford,370,1610,47,1610,RUTHERFORD,North Carolina,47,1610,0,370,1610,148,1257688.57813694,-147168.60062516,G3701610,3701610,3454801197.62,360180.636513,0,781.4914512602278,-214.22669388371187,-214.22669388371187,7808,0,7808,609,1,1333.9061997361089,5.853485051306218,0
1790,Princess Anne,510,1510,40,1510,PRINCESS ANNE,Virginia,40,1510,0,510,1510,269,1750297.66882021,100731.95588111,G5101510,5101510,700784736.99,639495.742187,0,1087.5845492450403,-206.60860720760172,-155.64271379881518,7793,0,7793,3202,1,270.57449962543916,28.801679429465754,0
1790,Chowan,370,0410,47,410,CHOWAN,North Carolina,47,410,0,370,0410,112,1717058.58729244,24600.13336883,G3700410,3700410,448562018.06,140581.536021,0,1066.9307415272558,-248.6413329755774,-206.08600215446842,4988,0,4988,2587,1,173.19076341312157,28.800612120993115,0
1790,Camden,370,0290,47,290,CAMDEN,North Carolina,47,290,0,370,0290,108,1746289.29140023,58112.25771176,G3700290,3700290,626569727.769,230088.741353,0,1085.09385898865,-231.98343826357817,-182.18437128017757,4022,0,4022,1038,1,241.91992436896356,16.625335885381052,0
1790,Greensville,510,0810,40,810,GREENSVILLE,Virginia,40,810,0,510,0810,235,1622433.61827998,65531.47280721,G5100810,5100810,770655266.113,179858.493274,0,1008.1335117165628,-212.01054751286836,-204.4446032239629,6362,0,6362,3620,1,297.5516617383323,21.38116104891647,0
1790,Ontario,360,0690,13,690,ONTARIO,New York,13,690,0,360,0690,290,1495478.45188661,723029.75246342,G3600690,3600690,13310152769.9,505707.047119,1,929.2472286140253,-45.46463912085609,-204.07385271500007,1074,0,1074,10,1,5139.078714988104,0.20898687480066863,0
1790,Pasquotank,370,1390,47,1390,PASQUOTANK,North Carolina,47,1390,0,370,1390,140,1741748.3283953,46572.14005232,G3701390,3701390,589907613.888,192890.2355,0,1082.2722353923712,-238.41748995114867,-189.7117357650432,5477,0,5477,1600,1,227.76460306278048,24.046756723169725,0
1790,Bergen,340,0030,12,30,BERGEN,New Jersey,12,30,0,340,0030,56,1806393.6035857,597729.24695505,G3400030,3400030,1186294740.77,314401.202306,0,1122.4409471099405,-24.467650827565954,-104.46931990508686,12601,0,12601,2301,1,458.0309600788482,27.511240720126843,0
1790,Kent,100,0010,11,10,KENT,Delaware,11,10,0,100,0010,8,1737482.98790392,364845.78370437,G1000010,1000010,1525633963.44,210049.768366,0,1079.6218756859441,-45.815209880376,-16.575593879315754,18920,0,18920,2300,1,589.0505664298508,32.11948358639454,0
1790,Edgefield,450,0370,48,370,EDGEFIELD,South Carolina,48,370,0,450,0370,92,1289783.77949401,-313365.65958862,G4500370,4500370,4278965443.33,329790.531673,0,801.4344847925676,-319.0855727835474,-319.0855727835474,13289,0,13289,3619,1,1652.1177939982465,8.043615321059912,0
1790,Bladen,370,0170,47,170,BLADEN,North Carolina,47,170,0,370,0170,105,1574178.46916651,-188189.35908165,G3700170,3700170,3642545312.97,347043.713434,0,978.1491521803356,-340.7403686581253,-340.7403686581253,5100,0,5100,1686,1,1406.3946079263858,3.626293766526547,0
1790,Newberry,450,0710,48,710,NEWBERRY,South Carolina,48,710,0,450,0710,97,1309339.3799565,-259512.86304279,G4500710,4500710,1593313024.31,203819.385303,0,813.5857715668619,-290.45585420706027,-290.45585420706027,9342,0,9342,1144,1,615.1815979198834,15.185759833499818,0
1790,Chatham,130,0510,44,510,CHATHAM,Georgia,44,510,0,130,0510,12,1388936.30493932,-509246.51325044,G1300510,1300510,1598814301.53,599520.098349,0,863.0450077418625,-453.3135580743334,-453.3135580743334,10769,0,10769,8201,1,617.3056529292659,17.445166667271664,0
1790,Caswell,370,0330,47,330,CASWELL,North Carolina,47,330,0,370,0330,110,1489052.46414816,8133.58757137,G3700330,3700330,2156220282.32,195359.048977,0,925.2543049516822,-224.1813819298588,-224.1813819298588,10096,0,10096,2736,1,832.521305296754,12.12701697333891,0
1790,Rockingham,330,0150,4,150,ROCKINGHAM,New Hampshire,4,150,0,330,0150,55,1982008.18534131,883248.04077809,G3300150,3300150,2934232629.17,419798.785587,0,1231.5627891496845,101.17728354325527,312.4428611114818,43184,4720,38464,97,0,1132.913551788213,33.95139897416503,4.1662490421708345
1790,Harford,240,0250,52,230,HARFORD,Maryland,52,230,0,240,0250,29,1663716.54012456,404036.20312955,G2400250,2400250,1156992510.66,274945.125004,1,1033.78553008217,-11.075708648056157,-11.075708648056157,14976,0,14976,3417,1,446.7173057832698,33.52455749109882,0
1790,Mason (old),510,1139,51,1610,MASON,Virginia,51,1610,0,510,1139,252,1115721.74636412,147120.80967891,G5101139,5101139,14420292886.1,1064602.44733,1,693.2773517433935,-33.53653751765039,-33.53653751765039,2729,0,2729,229,1,5567.706210137486,0.4901479885973746,0
1790,Hyde,370,0950,47,950,HYDE,North Carolina,47,950,0,370,0950,125,1757698.08603978,-35603.0317238,G3700950,3700950,2348573179.13,888829.029422,0,1092.1829553158182,-290.4253209250916,-239.16235636241467,4204,0,4204,1143,1,906.7891739569873,4.636138278597725,0
1790,Rockingham,510,1650,40,1650,ROCKINGHAM,Virginia,40,1650,0,510,1650,273,1473280.31072794,246487.92061485,G5101650,5101650,2453751478.25,219402.311151,0,915.4539431768098,-84.47624086556242,-84.47624086556242,7449,0,7449,772,1,947.3987422790423,7.862581685596124,0
1790,Georgetown,450,0430,48,430,GEORGETOWN,South Carolina,48,430,0,450,0430,94,1520055.96755838,-277037.28823699,G4500430,4500430,11252435533.4,773941.874207,0,944.5189888292248,-360.154677035509,-360.154677035509,22122,0,22122,13131,1,4344.589648305458,5.091850276038925,0
1790,Northumberland,420,0970,14,970,NORTHUMBERLAND,Pennsylvania,14,970,0,420,0970,79,1494483.41674654,574922.49864167,G4200970,4200970,32256508768.8,1235083.61188,1,928.628942442722,44.65168324013959,113.72412794224478,17147,0,17147,87,0,12454.30766267701,1.3767927101548985,0
1790,Richmond,370,1530,47,1530,RICHMOND,North Carolina,47,1530,0,370,1530,144,1474652.66774386,-159471.54242773,G3701530,3701530,2072603931.88,260138.04607,0,916.3066862919674,-285.2692227891387,-285.2692227891387,5053,0,5053,583,1,800.2368519024284,6.314380533697421,0
1790,Washington,250,0255,2,290,WASHINGTON,Massachusetts,2,290,0,250,0255,49,2179455.60783057,1215417.38656124,G2500255,2500255,10338730969,1986855.41108,0,1354.2509294660247,275.7598865592072,552.5358286818442,2760,0,2760,0,0,3991.8063437205324,0.6914163068911713,0
1790,Camden,130,0390,44,390,CAMDEN,Georgia,44,390,0,130,0390,11,1354457.07671166,-631937.25745226,G1300390,1300390,2105710203.05,553476.229004,0,841.6206085906183,-520.8900112397603,-520.8900112397603,305,0,305,70,1,813.0192546624569,0.3751448668046953,0
1790,Middlesex,340,0230,12,230,MIDDLESEX,New Jersey,12,230,0,340,0230,62,1798243.02427964,530697.70073776,G3400230,3400230,981530284.893,198311.677156,0,1117.376411929109,-21.74944113579222,-66.30900845728213,15956,0,15956,1318,1,378.9709616719691,42.103489749199426,0
1790,Talbot,240,0410,52,390,TALBOT,Maryland,52,390,0,240,0410,182,1701201.01511223,321877.30659673,G2400410,2400410,712531686.241,734927.780325,0,1057.0773029956492,-65.8544540684318,-51.362368458096434,13084,0,13084,4777,1,275.1100220875389,47.55915433657566,0
1790,Washington,360,1150,13,1150,WASHINGTON,New York,13,1150,0,360,1150,100,1781110.3985692,881000.64993527,G3601150,3601150,4124019525.37,371213.880631,1,1106.7306918652569,-13.786067248465962,-271.01797162538077,14077,0,14077,46,1,1592.29284061655,8.8407104779478,0
1790,Wilkes,130,3170,44,3170,WILKES,Georgia,44,3170,0,130,3170,20,1205347.527613,-323227.32807507,G1303170,1303170,5498348299.4,443955.873685,0,748.9682302932126,-316.09646992608646,-316.09646992608646,31500,0,31500,7268,1,2122.924146816526,14.838024263484149,0
1790,Prince George,510,1490,40,1490,PRINCE GEORGE,Virginia,40,1490,0,510,1490,268,1639384.24480641,127706.99311681,G5101490,5101490,789353226.258,141310.630683,0,1018.6661427304604,-176.14586705778862,-166.24019165321505,8173,0,8173,4519,1,304.7709845106574,26.81685729736586,0
1790,King William,510,1010,40,1010,KING WILLIAM,Virginia,40,1010,0,510,1010,246,1640538.08748021,186991.92358439,G5101010,5101010,737083381.008,253513.721464,0,1019.3831073283337,-140.17849287216362,-137.04624630161393,8128,0,8128,5151,1,284.5894844329528,28.560436855898296,0
1790,Albany,360,0010,13,10,ALBANY,New York,13,10,0,360,0010,68,1783508.85049048,796658.79131767,G3600010,3600010,8481032963.28,493305.01757,1,1108.2210207951066,-30.2567933926779,-219.34377558326145,75980,3498,72482,3722,1,3274.5451337920435,22.134982734552565,1.0682399713786164
1790,Tolland,090,0130,1,130,TOLLAND,Connecticut,1,130,0,090,0130,6,1929033.59461704,731089.83792645,G0900130,0900130,893103845.358,184789.168047,0,1198.64590455306,43.21224228154971,214.82237631717013,13251,0,13251,46,0,344.82932249528255,38.427706507416524,0
1790,Loudoun,510,1070,40,1070,LOUDOUN,Virginia,40,1070,0,510,1070,176,1568773.22046995,327066.51215055,G5101070,5101070,1675151801.28,217600.005708,0,974.7904863534147,-46.13922356312271,-46.13922356312271,18962,0,18962,4030,1,646.7797263604742,29.317554690067354,0
1790,Clarendon,450,0270,48,270,CLARENDON,South Carolina,48,270,0,450,0270,91,1446150.5049347,-306785.08477678,G4500270,4500270,2077207314.46,251719.14069,0,898.596263405897,-351.2025852101697,-351.2025852101697,2392,0,2392,602,1,802.014227853163,2.9824907301244785,0
1790,Chester,420,0290,14,290,CHESTER,Pennsylvania,14,290,0,420,0290,162,1701418.13453151,459142.37296176,G4200290,4200290,1967886858.22,250279.437033,1,1057.212214748065,11.493681524004236,11.493681524004236,27829,0,27829,144,0,759.805363726054,36.626485319250364,0
1790,Surry,370,1710,47,1710,SURRY,North Carolina,47,1710,0,370,1710,151,1359061.91335989,-24166.86380481,G3701710,3701710,2124581347.06,188006.588144,0,844.4819214287871,-174.69335482674435,-174.69335482674435,7192,0,7192,692,1,820.3054440988832,8.76746588936821,0
1790,Charles City,510,0360,40,360,CHARLES CITY,Virginia,40,360,0,510,0360,174,1650403.62742756,149078.05246539,G5100360,5100360,509216333.677,152726.989771,0,1025.5132696474836,-164.4818476192106,-151.43501100196818,5588,0,5588,3141,1,196.60952559776004,28.42181721872617,0
1790,Mifflin,420,0870,14,870,MIFFLIN,Pennsylvania,14,870,0,420,0870,76,1519921.16716576,519469.48976742,G4200870,4200870,4607855374.86,589902.334748,0,944.4352277485484,76.96655404323577,76.96655404323577,7562,0,7562,59,0,1779.1029064848567,4.250456773712412,0
1790,Wilkes,370,1930,47,1930,WILKES,North Carolina,47,1930,0,370,1930,156,1303238.86084075,-34496.46174271,G3701930,3701930,4737625255.53,306490.539076,0,809.7950847306417,-160.15751134424949,-160.15751134424949,8157,0,8157,553,1,1829.2073375253394,4.459308593762408,0
1790,Berkeley,510,0195,40,195,BERKELEY,Virginia,40,195,0,510,0195,214,1524394.57198586,361934.69800712,G5100195,5100195,1793942050.84,225936.046686,0,947.2148726349742,-19.758226939571312,-19.758226939571312,19713,0,19713,2932,1,692.6448981293861,28.46047094728995,0
1790,Windham,500,0250,6,250,WINDHAM,Vermont,6,250,0,500,0250,207,1869690.31075736,845060.14907988,G5000250,5000250,2067087801.5,224233.159339,0,1161.7716975098922,28.101365760852527,261.7465342644117,17572,0,17572,0,0,798.1070620559087,22.01709624612876,0
1790,Chester,450,0230,48,230,CHESTER,South Carolina,48,230,0,450,0230,90,1343223.7613653,-209335.26629901,G4500230,4500230,1518160608.55,173826.12214,0,834.6405500410726,-268.8967266336301,-268.8967266336301,6866,0,6866,938,1,586.1650879752681,11.7134236426747,0
1790,Randolph,370,1510,47,1510,RANDOLPH,North Carolina,47,1510,0,370,1510,143,1445265.86528019,-77059.49067467,G3701510,3701510,2045921109.29,180803.363457,0,898.0465738090737,-235.18469454644327,-235.18469454644327,7318,0,7318,460,1,789.9345565044242,9.264058572628116,0
1790,Middlesex,250,0170,3,170,MIDDLESEX,Massachusetts,3,170,0,250,0170,183,1988351.09243444,816928.28784951,G2500170,2500170,2204703622.9,343383.39575,0,1235.5040888923934,85.94639077154791,279.65613893771956,42769,0,42769,0,0,851.2408277480405,50.2431258062956,0
1790,Anne Arundel,240,0030,52,30,ANNE ARUNDEL,Maryland,52,30,0,240,0030,181,1639847.28054059,345940.79843561,G2400030,2400030,1755501132.37,658168.465272,0,1018.9538597966562,-43.37994594855573,-43.37994594855573,22598,0,22598,10130,1,677.8027765317648,33.34008177958675,0
1790,Monmouth,340,0250,12,250,MONMOUTH,New Jersey,12,250,0,340,0250,63,1821660.71313696,498241.8095873,G3400250,3400250,2801768419.54,766735.562684,0,1131.9274891738248,-24.738308148914207,-64.05060016597275,16918,0,16918,1596,1,1081.7688345204508,15.63920077943433,0
1790,Fairfield,450,0390,48,390,FAIRFIELD,South Carolina,48,390,0,450,0390,93,1356136.30768644,-244537.76809487,G4500390,4500390,2288339990.72,220455.370249,0,842.6640343434591,-292.176006022215,-292.176006022215,7623,0,7623,1485,1,883.5330098959923,8.627861001930606,0
1790,Prince Edward,510,1470,40,1470,PRINCE EDWARD,Virginia,40,1470,0,510,1470,267,1531764.57702543,112147.07839739,G5101470,5101470,1039210623.36,199236.076613,0,951.794381453207,-173.1336498609726,-173.1336498609726,8100,0,8100,3986,1,401.2414648595367,20.187345300505225,0
1790,Halifax,370,0830,47,830,HALIFAX,North Carolina,47,830,0,370,0830,123,1623535.30464226,18002.82178913,G3700830,3700830,1894185847.75,270471.79903,0,1008.8180678849643,-241.1504095762727,-229.97053438935302,14310,0,14310,6697,1,731.3492444968276,19.56657521379592,0
1790,Amherst,510,0090,40,90,AMHERST,Virginia,40,90,0,510,0090,211,1475447.95315532,154119.46152691,G5100090,5100090,2468483006.34,291214.527911,0,916.8008537362551,-141.16552599617722,-141.16552599617722,13703,0,13703,5296,1,953.08661707322,14.377497023386782,0
1790,Addison,500,0010,6,10,ADDISON,Vermont,6,10,0,500,0010,203,1809485.60257892,951035.90686647,G5000010,5000010,1949387789.87,201078.868904,1,1124.3622262107542,14.142356383333043,316.6140983521022,6420,0,6420,0,0,752.6628335050948,8.529715716269047,0
1790,Greene,130,1330,44,1330,GREENE,Georgia,44,1330,0,130,1330,16,1183346.84935354,-367143.92203592,G1301330,1301330,1845186134.79,254105.368506,0,735.297642613102,-342.4178860781269,-342.4178860781269,5405,0,5405,1377,1,712.4303495550114,7.5867065508593194,0
1790,Cumberland,510,0490,40,490,CUMBERLAND,Virginia,40,490,0,510,0490,223,1545529.58898275,146129.1718439,G5100490,5100490,776299022.994,148505.541916,0,960.347563344288,-153.9511253821264,-153.9511253821264,8153,0,8153,4434,1,299.73072845237516,27.201081591123703,0
1790,Stokes,370,1690,47,1690,STOKES,North Carolina,47,1690,0,370,1690,150,1395993.80884804,-20463.20586804,G3701690,3701690,2170326115.7,202841.593071,0,867.4303373598434,-188.69410881782744,-188.69410881782744,8423,0,8423,778,1,837.9675980128119,10.051701306798284,0
1790,Washington,510,1910,40,1910,WASHINGTON,Virginia,40,1910,0,510,1910,281,1237145.37361473,6120.96652215,G5101910,5101910,2387235505.38,303643.767795,0,768.7264957738868,-120.08618160484993,-120.08618160484993,5625,0,5625,450,1,921.7167815763846,6.102742309171947,0
1790,Lancaster,420,0710,14,710,LANCASTER,Pennsylvania,14,710,0,420,0710,74,1658009.18996268,458566.29159052,G4200710,4200710,2630295993.75,246653.619554,1,1030.2391471075669,22.80397287652409,22.80397287652409,36081,0,36081,347,0,1015.5629607924226,35.52807791635759,0
1790,Henrico,510,0870,40,870,HENRICO,Virginia,40,870,0,510,0870,240,1616691.87391621,163021.24260131,G5100870,5100870,704609254.154,179892.619027,0,1004.5657571757249,-151.8793178083761,-151.8793178083761,12000,3761,8239,5819,1,272.05115395784225,30.284745644845664,13.824605943714595
1790,Delaware,420,0450,14,450,DELAWARE,Pennsylvania,14,450,0,420,0450,170,1731452.57617897,459469.00571764,G4200450,4200450,480148235.144,132478.865059,1,1075.87475156273,5.997858008117411,7.370017152225707,9469,0,9469,49,0,185.38627000944425,51.0771374790464,0
1790,Montgomery,360,0570,13,570,MONTGOMERY,New York,13,570,0,360,0570,288,1644339.38022543,829995.58737417,G3600570,3600570,54560437962.2,1794149.15679,1,1021.7451211334742,-91.72046173477257,-242.09384954983616,28852,0,28852,588,1,21065.90286822662,1.3696066188322282,0
1790,Mecklenburg,370,1190,47,1190,MECKLENBURG,North Carolina,47,1190,0,370,1190,132,1375314.33165729,-145143.15229598,G3701190,3701190,3277102709.92,291343.541062,0,854.5807059629824,-242.09016124677748,-242.09016124677748,11360,0,11360,1608,1,1265.2964300654107,8.978133289613988,0
1790,Somerset,340,0350,12,350,SOMERSET,New Jersey,12,350,0,340,0350,66,1780307.36258212,543545.91291693,G3400350,3400350,826474182.537,165659.053811,0,1106.2317084365557,-21.231855076632886,-67.10445546228905,12296,0,12296,1810,1,319.10346585713904,38.53295659754713,0
1790,Richland,450,0790,48,790,RICHLAND,South Carolina,48,790,0,450,0790,197,1386214.16522254,-280468.51666622,G4500790,4500790,1787313068.18,257733.27268,0,861.3535485406103,-320.0601388794358,-320.0601388794358,3930,0,3930,1437,1,690.0854336154197,5.69494704360064,0
1790,Worcester,240,0470,52,450,WORCESTER,Maryland,52,450,0,240,0470,36,1772898.18001719,277906.38536707,G2400470,2400470,1658847249.96,610851.681408,0,1101.6278558326808,-104.09279754298815,-44.9420315841065,11640,0,11640,3836,1,640.4845039017562,18.17374179873282,0
1790,Nansemond,510,1230,40,1230,NANSEMOND,Virginia,40,1230,0,510,1230,257,1701823.84661986,83476.97166314,G5101230,5101230,1061697125.86,205915.779238,0,1057.4643125521081,-210.89078583732885,-173.43709328977684,9010,0,9010,3817,1,409.92355201285676,21.97970805960769,0
1790,Greenville,450,0450,48,450,GREENVILLE,South Carolina,48,450,0,450,0450,95,1230160.382307,-202572.82469814,G4500450,4500450,1946382978.61,299182.509012,0,764.3862233972351,-243.82194044858824,-243.82194044858824,6503,0,6503,606,1,751.5026693915961,8.653329209415476,0
1790,Bristol,440,0010,5,10,BRISTOL,Rhode Island,5,10,0,440,0010,84,2018649.61061758,736322.89026513,G4400010,4400010,66751932.3352,93230.0618614,0,1254.3307152588757,40.71085003745777,253.0336153621354,3211,0,3211,98,0,25.773065161500003,124.58743187428928,0
1790,Lincoln,250,0157,2,150,LINCOLN,Massachusetts,2,150,0,250,0157,45,2031194.86252139,1165924.45012962,G2500157,2500157,24365621491.6,2592512.83565,0,1262.1259733912636,178.8677715093987,483.88868314267916,29733,0,29733,0,0,9407.619052134967,3.160523383783529,0
1790,Hanover,510,0850,40,850,HANOVER,Virginia,40,850,0,510,0850,237,1605020.55474564,185950.35696954,G5100850,5100850,1227869736.14,252070.588877,0,997.3135356677254,-136.48736282117616,-136.48736282117616,14754,0,14754,8223,1,474.08315553259746,31.121122587502544,0
1790,Campbell,510,0310,40,310,CAMPBELL,Virginia,40,310,0,510,0310,218,1480184.80465472,103029.91732893,G5100310,5100310,1710036513.02,225480.404141,0,919.7441967998886,-172.9206503313492,-172.9206503313492,7685,0,7685,2488,1,660.2487888634192,11.639551832013643,0
1790,Edgecombe,370,0650,47,650,EDGECOMBE,North Carolina,47,650,0,370,0650,118,1631602.85026925,-24844.87685853,G3700650,3700650,1771636926.06,221425.822372,0,1013.8310083296362,-268.24253966071325,-251.9651593093218,10265,0,10265,3167,1,684.0328413052695,15.006589421075686,0
1790,Glynn,130,1270,44,1270,GLYNN,Georgia,44,1270,0,130,1270,15,1359114.75177025,-590638.43599849,G1301270,1301270,1711318380.43,659292.914373,0,844.5147536948284,-496.67403636081843,-496.67403636081843,413,0,413,215,1,660.7437206373855,0.6250532348632842,0
1790,Providence,440,0070,5,70,PROVIDENCE,Rhode Island,5,70,0,440,0070,85,1989534.54545587,746999.10971898,G4400070,4400070,1063932337.06,142284.68487,0,1236.2394525072762,42.81589161004739,245.65230878536624,24376,6380,17996,81,0,410.786571881975,43.808637457532356,15.531179538733966
1790,Washington,240,0430,52,410,WASHINGTON,Maryland,52,410,0,240,0430,35,1538020.96474013,383394.92744694,G2400430,2400430,1210934437.7,288000.391942,1,955.681920546589,-8.220764061754373,-8.220764061754373,15822,0,15822,1286,1,467.5444002493529,33.84063629371187,0
1790,Unorganized (No Data),450,0875,NA,NA,Unorganized (No Data),South Carolina,0,0,0,450,0875,201,1158027.38299254,-216809.92639216,G4500875,4500875,231965700.125,138004.439691,0,719.5648556135543,-248.67063819852962,-248.67063819852962,NA,NA,NA,NA,1,89.5624575260722,NA,NA
1790,Effingham,130,1030,44,1030,EFFINGHAM,Georgia,44,1030,0,130,1030,13,1341984.49881249,-467933.42247953,G1301030,1301030,5109745709.02,460343.783128,0,833.870507991138,-420.2643982067891,-420.2643982067891,2424,0,2424,750,1,1972.8838478556224,1.228658241910545,0
1790,Dorchester,240,0190,52,170,DORCHESTER,Maryland,52,170,0,240,0190,27,1714839.14208708,291049.9169412,G2400190,2400190,1511943196.36,775712.400072,0,1065.5516422138958,-86.3614157836315,-58.70232549646794,15875,0,15875,5337,1,583.7645317081609,27.194183849347542,0
1790,Lancaster,510,1030,40,1030,LANCASTER,Virginia,40,1030,0,510,1030,247,1693374.27140524,201158.2585987,G5101030,5101030,353681512.757,269633.64952,0,1052.2139899271008,-138.23676824640725,-109.63302915783719,5638,0,5638,3236,1,136.5571955120353,41.286729555771394,0
1790,Bucks,420,0170,14,170,BUCKS,Pennsylvania,14,170,0,420,0170,161,1745467.56031158,510705.40250663,G4200170,4200170,1601379277.08,210227.764498,1,1084.5832589623972,6.069247499703172,40.36165204895739,25216,0,25216,261,0,618.2959955257294,40.783055660192574,0
1790,Northampton,510,1310,40,1310,NORTHAMPTON,Virginia,40,1310,0,510,1310,261,1750315.03267056,169342.83451993,G5101310,5101310,544482850.497,1093535.28464,0,1087.595338641434,-164.94568837940523,-113.8036312783353,6889,0,6889,3244,1,210.22600386623552,32.76949508293653,0
1790,Greenbrier,510,0775,40,775,GREENBRIER,Virginia,40,775,0,510,0775,234,1294249.49114562,190717.58038688,G5100775,5100775,14944463479.1,772544.647769,1,804.2093493657167,-60.26320138892421,-60.26320138892421,6015,0,6015,319,1,5770.08960753926,1.042444816132619,0
1790,Westchester,360,1190,13,1190,WESTCHESTER,New York,13,1190,0,360,1190,101,1835461.88946802,623357.89554105,G3601190,3601190,1277526512.65,312351.807462,1,1140.5031425649333,-3.0045236181770103,-127.05972385083638,23978,0,23978,1416,1,493.2557441293682,48.6116994791878,0
1790,Lincoln,370,1090,47,1090,LINCOLN,North Carolina,47,1090,0,370,1090,130,1322696.98962842,-125352.16327492,G3701090,3701090,3266767201.29,266194.170856,0,821.8858054141439,-215.9758770636419,-215.9758770636419,9246,0,9246,855,1,1261.3058678737336,7.330497887547761,0
1790,Huntingdon,420,0610,14,610,HUNTINGDON,Pennsylvania,14,610,0,420,0610,73,1483429.37182432,484678.95226312,G4200610,4200610,5717238256.21,566555.813336,0,921.760277370357,59.90949577208222,59.90949577208222,7558,0,7558,43,0,2207.43803162413,3.4238786737035496,0
1790,Burke,370,0230,47,230,BURKE,North Carolina,47,230,0,370,0230,107,1251161.44987315,-96354.10643231,G3700230,3700230,6459929531.37,423118.469644,0,777.4356817890706,-182.85380817369105,-182.85380817369105,8106,0,8106,600,1,2494.1927360940476,3.2499493253653475,0
1790,Bennington,500,0030,6,30,BENNINGTON,Vermont,6,30,0,500,0030,188,1838654.65499652,842528.44190421,G5000030,5000030,1756611622.67,212345.987937,1,1142.4870350879114,8.89537744581975,254.50777528883745,12206,0,12206,0,0,678.2315392336354,17.996803884691225,0
1790,New Castle,100,0030,11,30,NEW CASTLE,Delaware,11,30,0,100,0030,9,1719230.0410041001,416854.77953903,G1000030,1000030,1144705776.61,278856.924454,1,1068.2800203089582,-12.419841469742673,-4.097264769458678,19688,0,19688,2562,1,441.97337124512774,44.5456701260869,0
1790,Johnston,370,1010,47,1010,JOHNSTON,North Carolina,47,1010,0,370,1010,128,1577509.45881212,-74366.26914539,G3701010,3701010,2175517494.51,221458.899816,0,980.2189331877584,-292.2656552288906,-292.2656552288906,5691,0,5691,1328,1,839.9720005771646,6.775225836205944,0
1790,Richmond,510,1590,40,1590,RICHMOND,Virginia,40,1590,0,510,1590,271,1666376.19005356,219198.17318463,G5101590,5101590,504150644.454,144379.606168,0,1035.4381599294868,-123.84002082655367,-111.48492230074812,6985,0,6985,3984,1,194.65365205425454,35.884248388276404,0
